-- phpMyAdmin SQL Dump
-- version 5.0.4
-- https://www.phpmyadmin.net/
--
-- Host: 127.0.0.1
-- Generation Time: Apr 29, 2022 at 08:30 AM
-- Server version: 10.4.17-MariaDB
-- PHP Version: 7.4.13

SET SQL_MODE = "NO_AUTO_VALUE_ON_ZERO";
START TRANSACTION;
SET time_zone = "+00:00";


/*!40101 SET @OLD_CHARACTER_SET_CLIENT=@@CHARACTER_SET_CLIENT */;
/*!40101 SET @OLD_CHARACTER_SET_RESULTS=@@CHARACTER_SET_RESULTS */;
/*!40101 SET @OLD_COLLATION_CONNECTION=@@COLLATION_CONNECTION */;
/*!40101 SET NAMES utf8mb4 */;

--
-- Database: `silusi`
--

-- --------------------------------------------------------

--
-- Table structure for table `jadwal_pengumuman`
--

CREATE TABLE `jadwal_pengumuman` (
  `id` int(11) NOT NULL,
  `nama_jadwal` varchar(155) NOT NULL,
  `tanggal_awal` date NOT NULL,
  `jam_awal` time NOT NULL,
  `tanggal_akhir` date NOT NULL,
  `jam_akhir` time NOT NULL
) ENGINE=InnoDB DEFAULT CHARSET=utf8mb4;

--
-- Dumping data for table `jadwal_pengumuman`
--

INSERT INTO `jadwal_pengumuman` (`id`, `nama_jadwal`, `tanggal_awal`, `jam_awal`, `tanggal_akhir`, `jam_akhir`) VALUES
(1, 'Pengumuman Kelulusan', '2022-04-19', '07:30:00', '2023-06-14', '07:31:00');

-- --------------------------------------------------------

--
-- Table structure for table `mapel`
--

CREATE TABLE `mapel` (
  `id` int(11) NOT NULL,
  `nama_mapel` varchar(200) NOT NULL,
  `kelompok_mapel` varchar(155) NOT NULL
) ENGINE=InnoDB DEFAULT CHARSET=utf8mb4;

--
-- Dumping data for table `mapel`
--

INSERT INTO `mapel` (`id`, `nama_mapel`, `kelompok_mapel`) VALUES
(1, 'Pendidikan Agama dan Budi Pekerti', 'Kelompok A '),
(2, 'Pendidikan Pancasila dan Kewarganegaraan', 'Kelompok A '),
(3, 'Bahasa Indonesia', 'Kelompok A '),
(4, 'Matematika Wajib', 'Kelompok A '),
(5, 'Sejarah Indonesia', 'Kelompok A '),
(6, 'Bahasa Inggris', 'Kelompok A '),
(7, 'Seni Budaya', 'Kelompok B'),
(8, 'Pendidikan Olahraga dan Kesehatan', 'Kelompok B'),
(9, 'Prakarya dan Kewirausahaan', 'Kelompok B'),
(10, 'Bahasa Daerah', 'Kelompok B Muatan Lokal'),
(11, 'Matematika Peminatan', 'Kelompok C'),
(12, 'Biologi', 'Kelompok C'),
(13, 'Fisika', 'Kelompok C'),
(14, 'Kimia', 'Kelompok C'),
(15, 'Geografi', 'Kelompok C'),
(16, 'Sejarah Peminatan', 'Kelompok C'),
(17, 'Sosiologi', 'Kelompok C'),
(18, 'Ekonomi', 'Kelompok C'),
(19, 'Sastra Inggris', 'Kelompok C Lintas Minat');

-- --------------------------------------------------------

--
-- Table structure for table `nilai_siswa`
--

CREATE TABLE `nilai_siswa` (
  `id` int(11) NOT NULL,
  `siswa_id` int(11) NOT NULL,
  `mapel_id` int(11) NOT NULL,
  `nilai_rapot` double DEFAULT NULL,
  `nusp` varchar(35) DEFAULT NULL,
  `nsp` double DEFAULT NULL,
  `avg` double DEFAULT NULL,
  `status_lulus` varchar(100) NOT NULL
) ENGINE=InnoDB DEFAULT CHARSET=utf8mb4;

--
-- Dumping data for table `nilai_siswa`
--

INSERT INTO `nilai_siswa` (`id`, `siswa_id`, `mapel_id`, `nilai_rapot`, `nusp`, `nsp`, `avg`, `status_lulus`) VALUES
(1, 1, 1, 0, '87.60', 0, 0, 'Lulus'),
(2, 2, 1, 0, '90.60', 0, 0, 'Lulus'),
(3, 3, 1, 0, '82.00', 0, 0, 'Lulus'),
(4, 4, 1, 0, '87.00', 0, 0, 'Lulus'),
(5, 5, 1, 0, '75.00', 0, 0, 'Lulus'),
(6, 6, 1, 0, '87.50', 0, 0, 'Lulus'),
(7, 7, 1, 0, '90.10', 0, 0, 'Lulus'),
(8, 8, 1, 0, '89.60', 0, 0, 'Lulus'),
(9, 9, 1, 0, '89.10', 0, 0, 'Lulus'),
(10, 10, 1, 0, '87.50', 0, 0, 'Lulus'),
(11, 11, 1, 0, '86.50', 0, 0, 'Lulus'),
(12, 12, 1, 0, '83.50', 0, 0, 'Lulus'),
(13, 13, 1, 0, '88.60', 0, 0, 'Lulus'),
(14, 14, 1, 0, '84.00', 0, 0, 'Lulus'),
(15, 15, 1, 0, '87.50', 0, 0, 'Lulus'),
(16, 16, 1, 0, '89.10', 0, 0, 'Lulus'),
(17, 17, 1, 0, '89.10', 0, 0, 'Lulus'),
(18, 18, 1, 0, '91.40', 0, 0, 'Lulus'),
(19, 19, 1, 0, '86.00', 0, 0, 'Lulus'),
(20, 20, 1, 0, '87.60', 0, 0, 'Lulus'),
(21, 21, 1, 0, '85.50', 0, 0, 'Lulus'),
(22, 22, 1, 0, '90.10', 0, 0, 'Lulus'),
(23, 23, 1, 0, '91.40', 0, 0, 'Lulus'),
(24, 24, 1, 0, '91.40', 0, 0, 'Lulus'),
(25, 25, 1, 0, '86.00', 0, 0, 'Lulus'),
(26, 26, 1, 0, '87.00', 0, 0, 'Lulus'),
(27, 27, 1, 0, '88.00', 0, 0, 'Lulus'),
(28, 28, 1, 0, '91.40', 0, 0, 'Lulus'),
(29, 29, 1, 0, '90.10', 0, 0, 'Lulus'),
(30, 30, 1, 0, '90.10', 0, 0, 'Lulus'),
(31, 31, 1, 0, '86.50', 0, 0, 'Lulus'),
(32, 32, 1, 0, '87.20', 0, 0, 'Lulus'),
(33, 33, 1, 0, '85.50', 0, 0, 'Lulus'),
(34, 34, 1, 0, '87.00', 0, 0, 'Lulus'),
(35, 35, 1, 0, '85.50', 0, 0, 'Lulus'),
(36, 36, 1, 0, '89.30', 0, 0, 'Lulus'),
(37, 37, 1, 0, '88.60', 0, 0, 'Lulus'),
(38, 38, 1, 0, '86.80', 0, 0, 'Lulus'),
(39, 39, 1, 0, '81.40', 0, 0, 'Lulus'),
(40, 40, 1, 0, '90.10', 0, 0, 'Lulus'),
(41, 41, 1, 0, '84.40', 0, 0, 'Lulus'),
(42, 42, 1, 0, '90.30', 0, 0, 'Lulus'),
(43, 43, 1, 0, '89.80', 0, 0, 'Lulus'),
(44, 44, 1, 0, '88.60', 0, 0, 'Lulus'),
(45, 45, 1, 0, '86.80', 0, 0, 'Lulus'),
(46, 46, 1, 0, '89.30', 0, 0, 'Lulus'),
(47, 47, 1, 0, '87.80', 0, 0, 'Lulus'),
(48, 48, 1, 0, '83.90', 0, 0, 'Lulus'),
(49, 49, 1, 0, '85.80', 0, 0, 'Lulus'),
(50, 50, 1, 0, '84.90', 0, 0, 'Lulus'),
(51, 51, 1, 0, '88.80', 0, 0, 'Lulus'),
(52, 52, 1, 0, '84.90', 0, 0, 'Lulus'),
(53, 53, 1, 0, '88.10', 0, 0, 'Lulus'),
(54, 54, 1, 0, '89.30', 0, 0, 'Lulus'),
(55, 55, 1, 0, '85.90', 0, 0, 'Lulus'),
(56, 56, 1, 0, '87.80', 0, 0, 'Lulus'),
(57, 57, 1, 0, '90.20', 0, 0, 'Lulus'),
(58, 58, 1, 0, '89.80', 0, 0, 'Lulus'),
(59, 59, 1, 0, '83.80', 0, 0, 'Lulus'),
(60, 60, 1, 0, '87.80', 0, 0, 'Lulus'),
(61, 61, 1, 0, '88.30', 0, 0, 'Lulus'),
(62, 62, 1, 0, '90.10', 0, 0, 'Lulus'),
(63, 63, 1, 0, '90.30', 0, 0, 'Lulus'),
(64, 64, 1, 0, '88.30', 0, 0, 'Lulus'),
(65, 65, 1, 0, '84.20', 0, 0, 'Lulus'),
(66, 66, 1, 0, '89.80', 0, 0, 'Lulus'),
(67, 67, 1, 0, '89.60', 0, 0, 'Lulus'),
(68, 68, 1, 0, '88.80', 0, 0, 'Lulus'),
(69, 69, 1, 0, '90.70', 0, 0, 'Lulus'),
(70, 70, 1, 0, '88.80', 0, 0, 'Lulus'),
(71, 71, 1, 0, '91.70', 0, 0, 'Lulus'),
(72, 72, 1, 0, '88.10', 0, 0, 'Lulus'),
(73, 73, 1, 0, '75.60', 0, 0, 'Lulus'),
(74, 74, 1, 0, '94.00', 0, 0, 'Lulus'),
(75, 75, 1, 0, '87.70', 0, 0, 'Lulus'),
(76, 76, 1, 0, '90.20', 0, 0, 'Lulus'),
(77, 77, 1, 0, '91.40', 0, 0, 'Lulus'),
(78, 78, 1, 0, '87.40', 0, 0, 'Lulus'),
(79, 79, 1, 0, '90.20', 0, 0, 'Lulus'),
(80, 80, 1, 0, '79.90', 0, 0, 'Lulus'),
(81, 81, 1, 0, '88.30', 0, 0, 'Lulus'),
(82, 82, 1, 0, '89.80', 0, 0, 'Lulus'),
(83, 83, 1, 0, '83.60', 0, 0, 'Lulus'),
(84, 84, 1, 0, '89.30', 0, 0, 'Lulus'),
(85, 85, 1, 0, '85.30', 0, 0, 'Lulus'),
(86, 86, 1, 0, '83.60', 0, 0, 'Lulus'),
(87, 87, 1, 0, '85.40', 0, 0, 'Lulus'),
(88, 88, 1, 0, '89.80', 0, 0, 'Lulus'),
(89, 89, 1, 0, '87.90', 0, 0, 'Lulus'),
(90, 90, 1, 0, '86.90', 0, 0, 'Lulus'),
(91, 91, 1, 0, '88.10', 0, 0, 'Lulus'),
(92, 92, 1, 0, '88.10', 0, 0, 'Lulus'),
(93, 93, 1, 0, '87.10', 0, 0, 'Lulus'),
(94, 94, 1, 0, '88.60', 0, 0, 'Lulus'),
(95, 95, 1, 0, '79.10', 0, 0, 'Lulus'),
(96, 96, 1, 0, '87.40', 0, 0, 'Lulus'),
(97, 97, 1, 0, '86.90', 0, 0, 'Lulus'),
(98, 98, 1, 0, '91.00', 0, 0, 'Lulus'),
(99, 99, 1, 0, '89.40', 0, 0, 'Lulus'),
(100, 100, 1, 0, '88.30', 0, 0, 'Lulus'),
(101, 101, 1, 0, '84.90', 0, 0, 'Lulus'),
(102, 102, 1, 0, '85.10', 0, 0, 'Lulus'),
(103, 103, 1, 0, '87.00', 0, 0, 'Lulus'),
(104, 104, 1, 0, '89.50', 0, 0, 'Lulus'),
(105, 105, 1, 0, '91.40', 0, 0, 'Lulus'),
(106, 106, 1, 0, '88.30', 0, 0, 'Lulus'),
(107, 107, 1, 0, '92.40', 0, 0, 'Lulus'),
(108, 108, 1, 0, '82.90', 0, 0, 'Lulus'),
(109, 109, 1, 0, '89.30', 0, 0, 'Lulus'),
(110, 110, 1, 0, '93.00', 0, 0, 'Lulus'),
(111, 111, 1, 0, '92.50', 0, 0, 'Lulus'),
(112, 112, 1, 0, '89.20', 0, 0, 'Lulus'),
(113, 113, 1, 0, '92.50', 0, 0, 'Lulus'),
(114, 114, 1, 0, '90.90', 0, 0, 'Lulus'),
(115, 115, 1, 0, '91.40', 0, 0, 'Lulus'),
(116, 116, 1, 0, '89.40', 0, 0, 'Lulus'),
(117, 117, 1, 0, '89.60', 0, 0, 'Lulus'),
(118, 118, 1, 0, '89.10', 0, 0, 'Lulus'),
(119, 119, 1, 0, '90.40', 0, 0, 'Lulus'),
(120, 120, 1, 0, '91.50', 0, 0, 'Lulus'),
(121, 121, 1, 0, '91.40', 0, 0, 'Lulus'),
(122, 122, 1, 0, '90.40', 0, 0, 'Lulus'),
(123, 123, 1, 0, '90.90', 0, 0, 'Lulus'),
(124, 124, 1, 0, '90.00', 0, 0, 'Lulus'),
(125, 125, 1, 0, '89.40', 0, 0, 'Lulus'),
(126, 126, 1, 0, '91.50', 0, 0, 'Lulus'),
(127, 127, 1, 0, '93.00', 0, 0, 'Lulus'),
(128, 128, 1, 0, '93.00', 0, 0, 'Lulus'),
(129, 129, 1, 0, '90.90', 0, 0, 'Lulus'),
(130, 130, 1, 0, '89.40', 0, 0, 'Lulus'),
(131, 131, 1, 0, '91.40', 0, 0, 'Lulus'),
(132, 132, 1, 0, '91.00', 0, 0, 'Lulus'),
(133, 133, 1, 0, '91.40', 0, 0, 'Lulus'),
(134, 134, 1, 0, '87.80', 0, 0, 'Lulus'),
(135, 135, 1, 0, '92.20', 0, 0, 'Lulus'),
(136, 136, 1, 0, '89.80', 0, 0, 'Lulus'),
(137, 137, 1, 0, '92.50', 0, 0, 'Lulus'),
(138, 138, 1, 0, '84.50', 0, 0, 'Lulus'),
(139, 139, 1, 0, '87.20', 0, 0, 'Lulus'),
(140, 140, 1, 0, '85.20', 0, 0, 'Lulus'),
(141, 141, 1, 0, '90.00', 0, 0, 'Lulus'),
(142, 142, 1, 0, '86.20', 0, 0, 'Lulus'),
(143, 143, 1, 0, '87.40', 0, 0, 'Lulus'),
(144, 144, 1, 0, '85.20', 0, 0, 'Lulus'),
(145, 145, 1, 0, '85.20', 0, 0, 'Lulus'),
(146, 146, 1, 0, '90.00', 0, 0, 'Lulus'),
(147, 147, 1, 0, '90.20', 0, 0, 'Lulus'),
(148, 148, 1, 0, '84.60', 0, 0, 'Lulus'),
(149, 149, 1, 0, '85.60', 0, 0, 'Lulus'),
(150, 150, 1, 0, '92.50', 0, 0, 'Lulus'),
(151, 151, 1, 0, '91.00', 0, 0, 'Lulus'),
(152, 152, 1, 0, '83.60', 0, 0, 'Lulus'),
(153, 153, 1, 0, '84.60', 0, 0, 'Lulus'),
(154, 154, 1, 0, '85.50', 0, 0, 'Lulus'),
(155, 155, 1, 0, '86.50', 0, 0, 'Lulus'),
(156, 156, 1, 0, '85.20', 0, 0, 'Lulus'),
(157, 157, 1, 0, '84.60', 0, 0, 'Lulus'),
(158, 158, 1, 0, '85.20', 0, 0, 'Lulus'),
(159, 159, 1, 0, '85.20', 0, 0, 'Lulus'),
(160, 160, 1, 0, '85.90', 0, 0, 'Lulus'),
(161, 161, 1, 0, '88.00', 0, 0, 'Lulus'),
(162, 162, 1, 0, '87.20', 0, 0, 'Lulus'),
(163, 163, 1, 0, '88.20', 0, 0, 'Lulus'),
(164, 164, 1, 0, '87.50', 0, 0, 'Lulus'),
(165, 165, 1, 0, '88.50', 0, 0, 'Lulus'),
(166, 166, 1, 0, '87.40', 0, 0, 'Lulus'),
(167, 167, 1, 0, '85.40', 0, 0, 'Lulus'),
(168, 168, 1, 0, '90.50', 0, 0, 'Lulus'),
(169, 169, 1, 0, '84.90', 0, 0, 'Lulus'),
(170, 170, 1, 0, '82.90', 0, 0, 'Lulus'),
(171, 171, 1, 0, '85.40', 0, 0, 'Lulus'),
(172, 172, 1, 0, '87.50', 0, 0, 'Lulus'),
(173, 173, 1, 0, '93.00', 0, 0, 'Lulus'),
(174, 174, 1, 0, '88.60', 0, 0, 'Lulus'),
(175, 175, 1, 0, '89.90', 0, 0, 'Lulus'),
(176, 176, 1, 0, '90.00', 0, 0, 'Lulus'),
(177, 177, 1, 0, '88.00', 0, 0, 'Lulus'),
(178, 178, 1, 0, '91.10', 0, 0, 'Lulus'),
(179, 179, 1, 0, '90.20', 0, 0, 'Lulus'),
(180, 180, 1, 0, '91.10', 0, 0, 'Lulus'),
(181, 181, 1, 0, '89.00', 0, 0, 'Lulus'),
(182, 182, 1, 0, '90.60', 0, 0, 'Lulus'),
(183, 183, 1, 0, '91.70', 0, 0, 'Lulus'),
(184, 184, 1, 0, '93.00', 0, 0, 'Lulus'),
(185, 185, 1, 0, '90.40', 0, 0, 'Lulus'),
(186, 186, 1, 0, '89.40', 0, 0, 'Lulus'),
(187, 187, 1, 0, '92.50', 0, 0, 'Lulus'),
(188, 188, 1, 0, '90.20', 0, 0, 'Lulus'),
(189, 189, 1, 0, '90.10', 0, 0, 'Lulus'),
(190, 190, 1, 0, '91.20', 0, 0, 'Lulus'),
(191, 191, 1, 0, '86.00', 0, 0, 'Lulus'),
(192, 192, 1, 0, '93.00', 0, 0, 'Lulus'),
(193, 193, 1, 0, '88.00', 0, 0, 'Lulus'),
(194, 194, 1, 0, '90.70', 0, 0, 'Lulus'),
(195, 195, 1, 0, '92.20', 0, 0, 'Lulus'),
(196, 196, 1, 0, '79.40', 0, 0, 'Lulus'),
(197, 197, 1, 0, '85.10', 0, 0, 'Lulus'),
(198, 198, 1, 0, '72.00', 0, 0, 'Lulus'),
(199, 199, 1, 0, '88.10', 0, 0, 'Lulus'),
(200, 200, 1, 0, '78.90', 0, 0, 'Lulus'),
(201, 201, 1, 0, '86.00', 0, 0, 'Lulus'),
(202, 202, 1, 0, '87.10', 0, 0, 'Lulus'),
(203, 203, 1, 0, '84.60', 0, 0, 'Lulus'),
(204, 204, 1, 0, '86.50', 0, 0, 'Lulus'),
(205, 205, 1, 0, '87.10', 0, 0, 'Lulus'),
(206, 206, 1, 0, '76.30', 0, 0, 'Lulus'),
(207, 207, 1, 0, '85.10', 0, 0, 'Lulus'),
(208, 208, 1, 0, '75.80', 0, 0, 'Lulus'),
(209, 209, 1, 0, '73.50', 0, 0, 'Lulus'),
(210, 210, 1, 0, '78.90', 0, 0, 'Lulus'),
(211, 211, 1, 0, '77.40', 0, 0, 'Lulus'),
(212, 212, 1, 0, '80.00', 0, 0, 'Lulus'),
(213, 213, 1, 0, '87.00', 0, 0, 'Lulus'),
(214, 214, 1, 0, '83.50', 0, 0, 'Lulus'),
(215, 215, 1, 0, '76.00', 0, 0, 'Lulus'),
(216, 216, 1, 0, '77.80', 0, 0, 'Lulus'),
(217, 217, 1, 0, '77.00', 0, 0, 'Lulus'),
(218, 218, 1, 0, '76.80', 0, 0, 'Lulus'),
(219, 219, 1, 0, '80.50', 0, 0, 'Lulus'),
(220, 220, 1, 0, '81.50', 0, 0, 'Lulus'),
(221, 221, 1, 0, '87.10', 0, 0, 'Lulus'),
(222, 222, 1, 0, '79.00', 0, 0, 'Lulus'),
(223, 223, 1, 0, '87.60', 0, 0, 'Lulus'),
(224, 224, 1, 0, '87.10', 0, 0, 'Lulus'),
(225, 225, 1, 0, '77.90', 0, 0, 'Lulus'),
(226, 226, 1, 0, '71.50', 0, 0, 'Lulus'),
(227, 227, 1, 0, '74.80', 0, 0, 'Lulus'),
(228, 228, 1, 0, '83.40', 0, 0, 'Lulus'),
(229, 229, 1, 0, '75.90', 0, 0, 'Lulus'),
(230, 230, 1, 0, '84.90', 0, 0, 'Lulus'),
(231, 231, 1, 0, '78.10', 0, 0, 'Lulus'),
(232, 232, 1, 0, '78.10', 0, 0, 'Lulus'),
(233, 233, 1, 0, '85.50', 0, 0, 'Lulus'),
(234, 234, 1, 0, '79.10', 0, 0, 'Lulus'),
(235, 235, 1, 0, '85.50', 0, 0, 'Lulus'),
(236, 236, 1, 0, '82.60', 0, 0, 'Lulus'),
(237, 237, 1, 0, '83.10', 0, 0, 'Lulus'),
(238, 238, 1, 0, '83.60', 0, 0, 'Lulus'),
(239, 239, 1, 0, '78.40', 0, 0, 'Lulus'),
(240, 240, 1, 0, '85.60', 0, 0, 'Lulus'),
(241, 241, 1, 0, '81.90', 0, 0, 'Lulus'),
(242, 242, 1, 0, '87.50', 0, 0, 'Lulus'),
(243, 243, 1, 0, '85.50', 0, 0, 'Lulus'),
(244, 244, 1, 0, '86.50', 0, 0, 'Lulus'),
(245, 245, 1, 0, '78.70', 0, 0, 'Lulus'),
(246, 246, 1, 0, '81.80', 0, 0, 'Lulus'),
(247, 247, 1, 0, '81.30', 0, 0, 'Lulus'),
(248, 248, 1, 0, '90.20', 0, 0, 'Lulus'),
(249, 249, 1, 0, '77.10', 0, 0, 'Lulus'),
(250, 250, 1, 0, '82.30', 0, 0, 'Lulus'),
(251, 251, 1, 0, '82.80', 0, 0, 'Lulus'),
(252, 252, 1, 0, '72.90', 0, 0, 'Lulus'),
(253, 253, 1, 0, '84.10', 0, 0, 'Lulus'),
(254, 254, 1, 0, '77.90', 0, 0, 'Lulus'),
(255, 255, 1, 0, '82.80', 0, 0, 'Lulus'),
(256, 256, 1, 0, '80.10', 0, 0, 'Lulus'),
(257, 257, 1, 0, '74.40', 0, 0, 'Lulus'),
(258, 258, 1, 0, '91.00', 0, 0, 'Lulus'),
(259, 259, 1, 0, '75.60', 0, 0, 'Lulus'),
(260, 260, 1, 0, '85.00', 0, 0, 'Lulus'),
(261, 261, 1, 0, '81.50', 0, 0, 'Lulus'),
(262, 262, 1, 0, '82.90', 0, 0, 'Lulus'),
(263, 263, 1, 0, '85.20', 0, 0, 'Lulus'),
(264, 264, 1, 0, '84.30', 0, 0, 'Lulus'),
(265, 265, 1, 0, '87.00', 0, 0, 'Lulus'),
(266, 266, 1, 0, '76.30', 0, 0, 'Lulus'),
(267, 267, 1, 0, '86.70', 0, 0, 'Lulus'),
(268, 268, 1, 0, '80.90', 0, 0, 'Lulus'),
(269, 269, 1, 0, '83.80', 0, 0, 'Lulus'),
(270, 270, 1, 0, '85.60', 0, 0, 'Lulus'),
(271, 271, 1, 0, '88.30', 0, 0, 'Lulus'),
(272, 272, 1, 0, '85.20', 0, 0, 'Lulus'),
(273, 273, 1, 0, '84.30', 0, 0, 'Lulus'),
(274, 274, 1, 0, '84.60', 0, 0, 'Lulus'),
(275, 275, 1, 0, '82.00', 0, 0, 'Lulus'),
(276, 276, 1, 0, '86.20', 0, 0, 'Lulus'),
(277, 277, 1, 0, '82.50', 0, 0, 'Lulus'),
(278, 278, 1, 0, '83.80', 0, 0, 'Lulus'),
(279, 279, 1, 0, '89.70', 0, 0, 'Lulus'),
(280, 280, 1, 0, '69.40', 0, 0, 'Lulus'),
(281, 281, 1, 0, '87.30', 0, 0, 'Lulus'),
(282, 282, 1, 0, '84.60', 0, 0, 'Lulus'),
(283, 283, 1, 0, '86.10', 0, 0, 'Lulus'),
(284, 284, 1, 0, '83.30', 0, 0, 'Lulus'),
(285, 285, 1, 0, '88.20', 0, 0, 'Lulus'),
(286, 286, 1, 0, '77.40', 0, 0, 'Lulus'),
(287, 287, 1, 0, '88.80', 0, 0, 'Lulus'),
(288, 288, 1, 0, '90.70', 0, 0, 'Lulus'),
(289, 289, 1, 0, '90.20', 0, 0, 'Lulus'),
(290, 290, 1, 0, '85.80', 0, 0, 'Lulus'),
(291, 291, 1, 0, '73.00', 0, 0, 'Lulus'),
(292, 292, 1, 0, '84.20', 0, 0, 'Lulus'),
(293, 1, 2, 72.54, '88.11', 92, 85.046666666667, 'Lulus'),
(294, 2, 2, 0, '89.68', 0, 28.5, 'Lulus'),
(295, 3, 2, 0, '79.86', 0, 30.033333333333, 'Lulus'),
(296, 4, 2, 0, '84.19', 0, 27.933333333333, 'Lulus'),
(297, 5, 2, 0, '73.55', 0, 29.133333333333, 'Lulus'),
(298, 6, 2, 0, '83.53', 0, 28.966666666667, 'Lulus'),
(299, 7, 2, 0, '86.43', 0, 29.8, 'Lulus'),
(300, 8, 2, 0, '86.78', 0, 30.733333333333, 'Lulus'),
(301, 9, 2, 0, '89.17', 0, 28.5, 'Lulus'),
(302, 10, 2, 0, '86.43', 0, 31, 'Lulus'),
(303, 11, 2, 0, '85.98', 0, 31, 'Lulus'),
(304, 12, 2, 0, '87.13', 0, 0, 'Lulus'),
(305, 13, 2, 0, '90.60', 0, 0, 'Lulus'),
(306, 14, 2, 0, '85.07', 0, 0, 'Lulus'),
(307, 15, 2, 0, '82.97', 0, 0, 'Lulus'),
(308, 16, 2, 0, '86.10', 0, 0, 'Lulus'),
(309, 17, 2, 0, '87.28', 0, 0, 'Lulus'),
(310, 18, 2, 0, '90.13', 0, 0, 'Lulus'),
(311, 19, 2, 0, '88.63', 0, 0, 'Lulus'),
(312, 20, 2, 0, '89.35', 0, 0, 'Lulus'),
(313, 21, 2, 0, '83.92', 0, 0, 'Lulus'),
(314, 22, 2, 0, '86.48', 0, 0, 'Lulus'),
(315, 23, 2, 0, '88.37', 0, 0, 'Lulus'),
(316, 24, 2, 0, '89.23', 0, 0, 'Lulus'),
(317, 25, 2, 0, '82.92', 0, 0, 'Lulus'),
(318, 26, 2, 0, '86.23', 0, 0, 'Lulus'),
(319, 27, 2, 0, '85.38', 0, 0, 'Lulus'),
(320, 28, 2, 0, '89.48', 0, 0, 'Lulus'),
(321, 29, 2, 0, '87.93', 0, 0, 'Lulus'),
(322, 30, 2, 0, '89.11', 0, 0, 'Lulus'),
(323, 31, 2, 0, '82.77', 0, 0, 'Lulus'),
(324, 32, 2, 0, '89.83', 0, 0, 'Lulus'),
(325, 33, 2, 0, '83.23', 0, 0, 'Lulus'),
(326, 34, 2, 0, '86.35', 0, 0, 'Lulus'),
(327, 35, 2, 0, '86.43', 0, 0, 'Lulus'),
(328, 36, 2, 0, '89.19', 0, 0, 'Lulus'),
(329, 37, 2, 0, '84.63', 0, 0, 'Lulus'),
(330, 38, 2, 0, '83.53', 0, 0, 'Lulus'),
(331, 39, 2, 0, '84.08', 0, 0, 'Lulus'),
(332, 40, 2, 0, '89.90', 0, 0, 'Lulus'),
(333, 41, 2, 0, '81.43', 0, 0, 'Lulus'),
(334, 42, 2, 0, '88.68', 0, 0, 'Lulus'),
(335, 43, 2, 0, '82.40', 0, 0, 'Lulus'),
(336, 44, 2, 0, '89.78', 0, 0, 'Lulus'),
(337, 45, 2, 0, '86.52', 0, 0, 'Lulus'),
(338, 46, 2, 0, '88.47', 0, 0, 'Lulus'),
(339, 47, 2, 0, '84.13', 0, 0, 'Lulus'),
(340, 48, 2, 0, '83.70', 0, 0, 'Lulus'),
(341, 49, 2, 0, '88.31', 0, 0, 'Lulus'),
(342, 50, 2, 0, '79.25', 0, 0, 'Lulus'),
(343, 51, 2, 0, '86.94', 0, 0, 'Lulus'),
(344, 52, 2, 0, '84.73', 0, 0, 'Lulus'),
(345, 53, 2, 0, '90.60', 0, 0, 'Lulus'),
(346, 54, 2, 0, '82.97', 0, 0, 'Lulus'),
(347, 55, 2, 0, '82.30', 0, 0, 'Lulus'),
(348, 56, 2, 0, '86.32', 0, 0, 'Lulus'),
(349, 57, 2, 0, '88.07', 0, 0, 'Lulus'),
(350, 58, 2, 0, '87.17', 0, 0, 'Lulus'),
(351, 59, 2, 0, '81.82', 0, 0, 'Lulus'),
(352, 60, 2, 0, '87.53', 0, 0, 'Lulus'),
(353, 61, 2, 0, '83.18', 0, 0, 'Lulus'),
(354, 62, 2, 0, '87.63', 0, 0, 'Lulus'),
(355, 63, 2, 0, '87.81', 0, 0, 'Lulus'),
(356, 64, 2, 0, '88.72', 0, 0, 'Lulus'),
(357, 65, 2, 0, '83.18', 0, 0, 'Lulus'),
(358, 66, 2, 0, '86.43', 0, 0, 'Lulus'),
(359, 67, 2, 0, '88.12', 0, 0, 'Lulus'),
(360, 68, 2, 0, '89.43', 0, 0, 'Lulus'),
(361, 69, 2, 0, '88.10', 0, 0, 'Lulus'),
(362, 70, 2, 0, '86.73', 0, 0, 'Lulus'),
(363, 71, 2, 0, '90.12', 0, 0, 'Lulus'),
(364, 72, 2, 0, '89.07', 0, 0, 'Lulus'),
(365, 73, 2, 0, '80.82', 0, 0, 'Lulus'),
(366, 74, 2, 0, '92.50', 0, 0, 'Lulus'),
(367, 75, 2, 0, '86.20', 0, 0, 'Lulus'),
(368, 76, 2, 0, '88.39', 0, 0, 'Lulus'),
(369, 77, 2, 0, '89.07', 0, 0, 'Lulus'),
(370, 78, 2, 0, '85.48', 0, 0, 'Lulus'),
(371, 79, 2, 0, '88.95', 0, 0, 'Lulus'),
(372, 80, 2, 0, '77.70', 0, 0, 'Lulus'),
(373, 81, 2, 0, '90.40', 0, 0, 'Lulus'),
(374, 82, 2, 0, '89.53', 0, 0, 'Lulus'),
(375, 83, 2, 0, '84.73', 0, 0, 'Lulus'),
(376, 84, 2, 0, '88.61', 0, 0, 'Lulus'),
(377, 85, 2, 0, '85.80', 0, 0, 'Lulus'),
(378, 86, 2, 0, '81.37', 0, 0, 'Lulus'),
(379, 87, 2, 0, '84.58', 0, 0, 'Lulus'),
(380, 88, 2, 0, '86.93', 0, 0, 'Lulus'),
(381, 89, 2, 0, '82.46', 0, 0, 'Lulus'),
(382, 90, 2, 0, '87.07', 0, 0, 'Lulus'),
(383, 91, 2, 0, '85.37', 0, 0, 'Lulus'),
(384, 92, 2, 0, '87.05', 0, 0, 'Lulus'),
(385, 93, 2, 0, '85.96', 0, 0, 'Lulus'),
(386, 94, 2, 0, '85.63', 0, 0, 'Lulus'),
(387, 95, 2, 0, '83.94', 0, 0, 'Lulus'),
(388, 96, 2, 0, '84.82', 0, 0, 'Lulus'),
(389, 97, 2, 0, '84.18', 0, 0, 'Lulus'),
(390, 98, 2, 0, '92.58', 0, 0, 'Lulus'),
(391, 99, 2, 0, '88.31', 0, 0, 'Lulus'),
(392, 100, 2, 0, '85.78', 0, 0, 'Lulus'),
(393, 101, 2, 0, '85.70', 0, 0, 'Lulus'),
(394, 102, 2, 0, '84.35', 0, 0, 'Lulus'),
(395, 103, 2, 0, '85.82', 0, 0, 'Lulus'),
(396, 104, 2, 0, '92.08', 0, 0, 'Lulus'),
(397, 105, 2, 0, '85.19', 0, 0, 'Lulus'),
(398, 106, 2, 0, '88.28', 0, 0, 'Lulus'),
(399, 107, 2, 0, '90.33', 0, 0, 'Lulus'),
(400, 108, 2, 0, '90.36', 0, 0, 'Lulus'),
(401, 109, 2, 0, '88.85', 0, 0, 'Lulus'),
(402, 110, 2, 0, '89.63', 0, 0, 'Lulus'),
(403, 111, 2, 0, '91.72', 0, 0, 'Lulus'),
(404, 112, 2, 0, '89.63', 0, 0, 'Lulus'),
(405, 113, 2, 0, '92.13', 0, 0, 'Lulus'),
(406, 114, 2, 0, '91.40', 0, 0, 'Lulus'),
(407, 115, 2, 0, '90.90', 0, 0, 'Lulus'),
(408, 116, 2, 0, '87.63', 0, 0, 'Lulus'),
(409, 117, 2, 0, '87.33', 0, 0, 'Lulus'),
(410, 118, 2, 0, '89.40', 0, 0, 'Lulus'),
(411, 119, 2, 0, '90.13', 0, 0, 'Lulus'),
(412, 120, 2, 0, '89.47', 0, 0, 'Lulus'),
(413, 121, 2, 0, '90.86', 0, 0, 'Lulus'),
(414, 122, 2, 0, '89.47', 0, 0, 'Lulus'),
(415, 123, 2, 0, '90.22', 0, 0, 'Lulus'),
(416, 124, 2, 0, '90.21', 0, 0, 'Lulus'),
(417, 125, 2, 0, '90.98', 0, 0, 'Lulus'),
(418, 126, 2, 0, '89.82', 0, 0, 'Lulus'),
(419, 127, 2, 0, '91.63', 0, 0, 'Lulus'),
(420, 128, 2, 0, '92.68', 0, 0, 'Lulus'),
(421, 129, 2, 0, '91.28', 0, 0, 'Lulus'),
(422, 130, 2, 0, '91.70', 0, 0, 'Lulus'),
(423, 131, 2, 0, '90.50', 0, 0, 'Lulus'),
(424, 132, 2, 0, '91.98', 0, 0, 'Lulus'),
(425, 133, 2, 0, '90.75', 0, 0, 'Lulus'),
(426, 134, 2, 0, '85.55', 0, 0, 'Lulus'),
(427, 135, 2, 0, '92.58', 0, 0, 'Lulus'),
(428, 136, 2, 0, '88.80', 0, 0, 'Lulus'),
(429, 137, 2, 0, '91.55', 0, 0, 'Lulus'),
(430, 138, 2, 0, '84.62', 0, 0, 'Lulus'),
(431, 139, 2, 0, '87.70', 0, 0, 'Lulus'),
(432, 140, 2, 0, '88.38', 0, 0, 'Lulus'),
(433, 141, 2, 0, '91.15', 0, 0, 'Lulus'),
(434, 142, 2, 0, '85.08', 0, 0, 'Lulus'),
(435, 143, 2, 0, '86.78', 0, 0, 'Lulus'),
(436, 144, 2, 0, '87.66', 0, 0, 'Lulus'),
(437, 145, 2, 0, '86.35', 0, 0, 'Lulus'),
(438, 146, 2, 0, '92.58', 0, 0, 'Lulus'),
(439, 147, 2, 0, '88.42', 0, 0, 'Lulus'),
(440, 148, 2, 0, '85.35', 0, 0, 'Lulus'),
(441, 149, 2, 0, '77.85', 0, 0, 'Lulus'),
(442, 150, 2, 0, '93.00', 0, 0, 'Lulus'),
(443, 151, 2, 0, '92.13', 0, 0, 'Lulus'),
(444, 152, 2, 0, '81.98', 0, 0, 'Lulus'),
(445, 153, 2, 0, '84.15', 0, 0, 'Lulus'),
(446, 154, 2, 0, '89.08', 0, 0, 'Lulus'),
(447, 155, 2, 0, '88.25', 0, 0, 'Lulus'),
(448, 156, 2, 0, '87.60', 0, 0, 'Lulus'),
(449, 157, 2, 0, '84.20', 0, 0, 'Lulus'),
(450, 158, 2, 0, '86.30', 0, 0, 'Lulus'),
(451, 159, 2, 0, '88.63', 0, 0, 'Lulus'),
(452, 160, 2, 0, '85.05', 0, 0, 'Lulus'),
(453, 161, 2, 0, '86.01', 0, 0, 'Lulus'),
(454, 162, 2, 0, '86.62', 0, 0, 'Lulus'),
(455, 163, 2, 0, '87.00', 0, 0, 'Lulus'),
(456, 164, 2, 0, '83.08', 0, 0, 'Lulus'),
(457, 165, 2, 0, '87.63', 0, 0, 'Lulus'),
(458, 166, 2, 0, '85.93', 0, 0, 'Lulus'),
(459, 167, 2, 0, '85.48', 0, 0, 'Lulus'),
(460, 168, 2, 0, '89.16', 0, 0, 'Lulus'),
(461, 169, 2, 0, '86.16', 0, 0, 'Lulus'),
(462, 170, 2, 0, '80.74', 0, 0, 'Lulus'),
(463, 171, 2, 0, '83.32', 0, 0, 'Lulus'),
(464, 172, 2, 0, '84.45', 0, 0, 'Lulus'),
(465, 173, 2, 0, '88.93', 0, 0, 'Lulus'),
(466, 174, 2, 0, '90.58', 0, 0, 'Lulus'),
(467, 175, 2, 0, '90.82', 0, 0, 'Lulus'),
(468, 176, 2, 0, '86.50', 0, 0, 'Lulus'),
(469, 177, 2, 0, '87.75', 0, 0, 'Lulus'),
(470, 178, 2, 0, '88.65', 0, 0, 'Lulus'),
(471, 179, 2, 0, '90.05', 0, 0, 'Lulus'),
(472, 180, 2, 0, '88.32', 0, 0, 'Lulus'),
(473, 181, 2, 0, '88.53', 0, 0, 'Lulus'),
(474, 182, 2, 0, '85.67', 0, 0, 'Lulus'),
(475, 183, 2, 0, '90.95', 0, 0, 'Lulus'),
(476, 184, 2, 0, '91.18', 0, 0, 'Lulus'),
(477, 185, 2, 0, '89.13', 0, 0, 'Lulus'),
(478, 186, 2, 0, '87.74', 0, 0, 'Lulus'),
(479, 187, 2, 0, '87.50', 0, 0, 'Lulus'),
(480, 188, 2, 0, '89.05', 0, 0, 'Lulus'),
(481, 189, 2, 0, '89.73', 0, 0, 'Lulus'),
(482, 190, 2, 0, '91.88', 0, 0, 'Lulus'),
(483, 191, 2, 0, '86.25', 0, 0, 'Lulus'),
(484, 192, 2, 0, '88.16', 0, 0, 'Lulus'),
(485, 193, 2, 0, '88.13', 0, 0, 'Lulus'),
(486, 194, 2, 0, '90.70', 0, 0, 'Lulus'),
(487, 195, 2, 0, '90.08', 0, 0, 'Lulus'),
(488, 196, 2, 0, '75.58', 0, 0, 'Lulus'),
(489, 197, 2, 0, '87.53', 0, 0, 'Lulus'),
(490, 198, 2, 0, '72.40', 0, 0, 'Lulus'),
(491, 199, 2, 0, '89.85', 0, 0, 'Lulus'),
(492, 200, 2, 0, '80.50', 0, 0, 'Lulus'),
(493, 201, 2, 0, '82.85', 0, 0, 'Lulus'),
(494, 202, 2, 0, '86.81', 0, 0, 'Lulus'),
(495, 203, 2, 0, '78.34', 0, 0, 'Lulus'),
(496, 204, 2, 0, '88.78', 0, 0, 'Lulus'),
(497, 205, 2, 0, '88.32', 0, 0, 'Lulus'),
(498, 206, 2, 0, '79.62', 0, 0, 'Lulus'),
(499, 207, 2, 0, '89.03', 0, 0, 'Lulus'),
(500, 208, 2, 0, '80.91', 0, 0, 'Lulus'),
(501, 209, 2, 0, '73.31', 0, 0, 'Lulus'),
(502, 210, 2, 0, '80.35', 0, 0, 'Lulus'),
(503, 211, 2, 0, '74.50', 0, 0, 'Lulus'),
(504, 212, 2, 0, '75.38', 0, 0, 'Lulus'),
(505, 213, 2, 0, '88.42', 0, 0, 'Lulus'),
(506, 214, 2, 0, '81.54', 0, 0, 'Lulus'),
(507, 215, 2, 0, '74.14', 0, 0, 'Lulus'),
(508, 216, 2, 0, '77.21', 0, 0, 'Lulus'),
(509, 217, 2, 0, '72.65', 0, 0, 'Lulus'),
(510, 218, 2, 0, '74.74', 0, 0, 'Lulus'),
(511, 219, 2, 0, '80.67', 0, 0, 'Lulus'),
(512, 220, 2, 0, '76.78', 0, 0, 'Lulus'),
(513, 221, 2, 0, '89.85', 0, 0, 'Lulus'),
(514, 222, 2, 0, '77.92', 0, 0, 'Lulus'),
(515, 223, 2, 0, '89.03', 0, 0, 'Lulus'),
(516, 224, 2, 0, '89.23', 0, 0, 'Lulus'),
(517, 225, 2, 0, '75.28', 0, 0, 'Lulus'),
(518, 226, 2, 0, '73.51', 0, 0, 'Lulus'),
(519, 227, 2, 0, '75.42', 0, 0, 'Lulus'),
(520, 228, 2, 0, '81.78', 0, 0, 'Lulus'),
(521, 229, 2, 0, '78.24', 0, 0, 'Lulus'),
(522, 230, 2, 0, '85.56', 0, 0, 'Lulus'),
(523, 231, 2, 0, '80.42', 0, 0, 'Lulus'),
(524, 232, 2, 0, '82.20', 0, 0, 'Lulus'),
(525, 233, 2, 0, '86.61', 0, 0, 'Lulus'),
(526, 234, 2, 0, '80.03', 0, 0, 'Lulus'),
(527, 235, 2, 0, '88.58', 0, 0, 'Lulus'),
(528, 236, 2, 0, '85.48', 0, 0, 'Lulus'),
(529, 237, 2, 0, '82.25', 0, 0, 'Lulus'),
(530, 238, 2, 0, '85.60', 0, 0, 'Lulus'),
(531, 239, 2, 0, '82.15', 0, 0, 'Lulus'),
(532, 240, 2, 0, '84.48', 0, 0, 'Lulus'),
(533, 241, 2, 0, '75.58', 0, 0, 'Lulus'),
(534, 242, 2, 0, '81.88', 0, 0, 'Lulus'),
(535, 243, 2, 0, '86.93', 0, 0, 'Lulus'),
(536, 244, 2, 0, '88.67', 0, 0, 'Lulus'),
(537, 245, 2, 0, '84.68', 0, 0, 'Lulus'),
(538, 246, 2, 0, '81.43', 0, 0, 'Lulus'),
(539, 247, 2, 0, '81.13', 0, 0, 'Lulus'),
(540, 248, 2, 0, '87.27', 0, 0, 'Lulus'),
(541, 249, 2, 0, '78.31', 0, 0, 'Lulus'),
(542, 250, 2, 0, '80.68', 0, 0, 'Lulus'),
(543, 251, 2, 0, '84.22', 0, 0, 'Lulus'),
(544, 252, 2, 0, '75.53', 0, 0, 'Lulus'),
(545, 253, 2, 0, '84.73', 0, 0, 'Lulus'),
(546, 254, 2, 0, '80.78', 0, 0, 'Lulus'),
(547, 255, 2, 0, '79.19', 0, 0, 'Lulus'),
(548, 256, 2, 0, '81.32', 0, 0, 'Lulus'),
(549, 257, 2, 0, '75.31', 0, 0, 'Lulus'),
(550, 258, 2, 0, '90.43', 0, 0, 'Lulus'),
(551, 259, 2, 0, '85.37', 0, 0, 'Lulus'),
(552, 260, 2, 0, '83.83', 0, 0, 'Lulus'),
(553, 261, 2, 0, '80.80', 0, 0, 'Lulus'),
(554, 262, 2, 0, '76.55', 0, 0, 'Lulus'),
(555, 263, 2, 0, '83.21', 0, 0, 'Lulus'),
(556, 264, 2, 0, '85.85', 0, 0, 'Lulus'),
(557, 265, 2, 0, '87.29', 0, 0, 'Lulus'),
(558, 266, 2, 0, '81.16', 0, 0, 'Lulus'),
(559, 267, 2, 0, '86.70', 0, 0, 'Lulus'),
(560, 268, 2, 0, '78.88', 0, 0, 'Lulus'),
(561, 269, 2, 0, '81.38', 0, 0, 'Lulus'),
(562, 270, 2, 0, '85.52', 0, 0, 'Lulus'),
(563, 271, 2, 0, '88.65', 0, 0, 'Lulus'),
(564, 272, 2, 0, '86.95', 0, 0, 'Lulus'),
(565, 273, 2, 0, '85.85', 0, 0, 'Lulus'),
(566, 274, 2, 0, '84.73', 0, 0, 'Lulus'),
(567, 275, 2, 0, '84.42', 0, 0, 'Lulus'),
(568, 276, 2, 0, '87.27', 0, 0, 'Lulus'),
(569, 277, 2, 0, '75.76', 0, 0, 'Lulus'),
(570, 278, 2, 0, '85.93', 0, 0, 'Lulus'),
(571, 279, 2, 0, '87.32', 0, 0, 'Lulus'),
(572, 280, 2, 0, '71.86', 0, 0, 'Lulus'),
(573, 281, 2, 0, '82.23', 0, 0, 'Lulus'),
(574, 282, 2, 0, '86.82', 0, 0, 'Lulus'),
(575, 283, 2, 0, '79.74', 0, 0, 'Lulus'),
(576, 284, 2, 0, '85.18', 0, 0, 'Lulus'),
(577, 285, 2, 0, '86.50', 0, 0, 'Lulus'),
(578, 286, 2, 0, '77.15', 0, 0, 'Lulus'),
(579, 287, 2, 0, '85.70', 0, 0, 'Lulus'),
(580, 288, 2, 0, '85.87', 0, 0, 'Lulus'),
(581, 289, 2, 0, '86.93', 0, 0, 'Lulus'),
(582, 290, 2, 0, '80.05', 0, 0, 'Lulus'),
(583, 291, 2, 0, '75.72', 0, 0, 'Lulus'),
(584, 292, 2, 0, '85.33', 0, 0, 'Lulus'),
(585, 1, 3, 71.38, '87.88', 92, 81.8, 'Lulus'),
(586, 2, 3, 0, '88.55', 0, 30.033333333333, 'Lulus'),
(587, 3, 3, 0, '83.81', 0, 28.133333333333, 'Lulus'),
(588, 4, 3, 0, '85.95', 0, 29.266666666667, 'Lulus'),
(589, 5, 3, 0, '74.42', 0, 30.066666666667, 'Lulus'),
(590, 6, 3, 0, '85.20', 0, 30.333333333333, 'Lulus'),
(591, 7, 3, 0, '86.66', 0, 29.866666666667, 'Lulus'),
(592, 8, 3, 0, '87.89', 0, 29.933333333333, 'Lulus'),
(593, 9, 3, 0, '87.12', 0, 28.833333333333, 'Lulus'),
(594, 10, 3, 0, '83.99', 0, 29.533333333333, 'Lulus'),
(595, 11, 3, 0, '85.29', 0, 29.333333333333, 'Lulus'),
(596, 12, 3, 0, '85.75', 0, 0, 'Lulus'),
(597, 13, 3, 0, '87.17', 0, 0, 'Lulus'),
(598, 14, 3, 0, '84.74', 0, 0, 'Lulus'),
(599, 15, 3, 0, '88.10', 0, 0, 'Lulus'),
(600, 16, 3, 0, '81.29', 0, 0, 'Lulus'),
(601, 17, 3, 0, '89.46', 0, 0, 'Lulus'),
(602, 18, 3, 0, '93.69', 0, 0, 'Lulus'),
(603, 19, 3, 0, '88.19', 0, 0, 'Lulus'),
(604, 20, 3, 0, '87.05', 0, 0, 'Lulus'),
(605, 21, 3, 0, '86.11', 0, 0, 'Lulus'),
(606, 22, 3, 0, '87.19', 0, 0, 'Lulus'),
(607, 23, 3, 0, '88.09', 0, 0, 'Lulus'),
(608, 24, 3, 0, '89.23', 0, 0, 'Lulus'),
(609, 25, 3, 0, '82.04', 0, 0, 'Lulus'),
(610, 26, 3, 0, '88.73', 0, 0, 'Lulus'),
(611, 27, 3, 0, '85.11', 0, 0, 'Lulus'),
(612, 28, 3, 0, '93.11', 0, 0, 'Lulus'),
(613, 29, 3, 0, '86.36', 0, 0, 'Lulus'),
(614, 30, 3, 0, '92.70', 0, 0, 'Lulus'),
(615, 31, 3, 0, '85.76', 0, 0, 'Lulus'),
(616, 32, 3, 0, '90.30', 0, 0, 'Lulus'),
(617, 33, 3, 0, '89.38', 0, 0, 'Lulus'),
(618, 34, 3, 0, '85.10', 0, 0, 'Lulus'),
(619, 35, 3, 0, '89.76', 0, 0, 'Lulus'),
(620, 36, 3, 0, '92.09', 0, 0, 'Lulus'),
(621, 37, 3, 0, '89.55', 0, 0, 'Lulus'),
(622, 38, 3, 0, '81.77', 0, 0, 'Lulus'),
(623, 39, 3, 0, '87.50', 0, 0, 'Lulus'),
(624, 40, 3, 0, '92.03', 0, 0, 'Lulus'),
(625, 41, 3, 0, '81.48', 0, 0, 'Lulus'),
(626, 42, 3, 0, '91.04', 0, 0, 'Lulus'),
(627, 43, 3, 0, '84.81', 0, 0, 'Lulus'),
(628, 44, 3, 0, '92.31', 0, 0, 'Lulus'),
(629, 45, 3, 0, '90.75', 0, 0, 'Lulus'),
(630, 46, 3, 0, '91.37', 0, 0, 'Lulus'),
(631, 47, 3, 0, '86.42', 0, 0, 'Lulus'),
(632, 48, 3, 0, '88.60', 0, 0, 'Lulus'),
(633, 49, 3, 0, '91.03', 0, 0, 'Lulus'),
(634, 50, 3, 0, '82.69', 0, 0, 'Lulus'),
(635, 51, 3, 0, '85.24', 0, 0, 'Lulus'),
(636, 52, 3, 0, '89.11', 0, 0, 'Lulus'),
(637, 53, 3, 0, '91.82', 0, 0, 'Lulus'),
(638, 54, 3, 0, '85.66', 0, 0, 'Lulus'),
(639, 55, 3, 0, '86.34', 0, 0, 'Lulus'),
(640, 56, 3, 0, '89.04', 0, 0, 'Lulus'),
(641, 57, 3, 0, '89.30', 0, 0, 'Lulus'),
(642, 58, 3, 0, '88.51', 0, 0, 'Lulus'),
(643, 59, 3, 0, '82.90', 0, 0, 'Lulus'),
(644, 60, 3, 0, '92.09', 0, 0, 'Lulus'),
(645, 61, 3, 0, '86.24', 0, 0, 'Lulus'),
(646, 62, 3, 0, '91.36', 0, 0, 'Lulus'),
(647, 63, 3, 0, '91.90', 0, 0, 'Lulus'),
(648, 64, 3, 0, '90.18', 0, 0, 'Lulus'),
(649, 65, 3, 0, '85.15', 0, 0, 'Lulus'),
(650, 66, 3, 0, '90.09', 0, 0, 'Lulus'),
(651, 67, 3, 0, '86.81', 0, 0, 'Lulus'),
(652, 68, 3, 0, '90.28', 0, 0, 'Lulus'),
(653, 69, 3, 0, '94.49', 0, 0, 'Lulus'),
(654, 70, 3, 0, '91.23', 0, 0, 'Lulus'),
(655, 71, 3, 0, '86.72', 0, 0, 'Lulus'),
(656, 72, 3, 0, '91.60', 0, 0, 'Lulus'),
(657, 73, 3, 0, '83.11', 0, 0, 'Lulus'),
(658, 74, 3, 0, '95.29', 0, 0, 'Lulus'),
(659, 75, 3, 0, '90.10', 0, 0, 'Lulus'),
(660, 76, 3, 0, '91.63', 0, 0, 'Lulus'),
(661, 77, 3, 0, '93.69', 0, 0, 'Lulus'),
(662, 78, 3, 0, '88.92', 0, 0, 'Lulus'),
(663, 79, 3, 0, '94.20', 0, 0, 'Lulus'),
(664, 80, 3, 0, '78.57', 0, 0, 'Lulus'),
(665, 81, 3, 0, '92.28', 0, 0, 'Lulus'),
(666, 82, 3, 0, '92.09', 0, 0, 'Lulus'),
(667, 83, 3, 0, '87.46', 0, 0, 'Lulus'),
(668, 84, 3, 0, '90.94', 0, 0, 'Lulus'),
(669, 85, 3, 0, '88.18', 0, 0, 'Lulus'),
(670, 86, 3, 0, '81.84', 0, 0, 'Lulus'),
(671, 87, 3, 0, '88.54', 0, 0, 'Lulus'),
(672, 88, 3, 0, '91.51', 0, 0, 'Lulus'),
(673, 89, 3, 0, '88.35', 0, 0, 'Lulus'),
(674, 90, 3, 0, '88.64', 0, 0, 'Lulus'),
(675, 91, 3, 0, '88.19', 0, 0, 'Lulus'),
(676, 92, 3, 0, '92.12', 0, 0, 'Lulus'),
(677, 93, 3, 0, '86.60', 0, 0, 'Lulus'),
(678, 94, 3, 0, '90.93', 0, 0, 'Lulus'),
(679, 95, 3, 0, '82.15', 0, 0, 'Lulus'),
(680, 96, 3, 0, '88.78', 0, 0, 'Lulus'),
(681, 97, 3, 0, '88.16', 0, 0, 'Lulus'),
(682, 98, 3, 0, '95.29', 0, 0, 'Lulus'),
(683, 99, 3, 0, '91.21', 0, 0, 'Lulus'),
(684, 100, 3, 0, '88.37', 0, 0, 'Lulus'),
(685, 101, 3, 0, '88.26', 0, 0, 'Lulus'),
(686, 102, 3, 0, '88.31', 0, 0, 'Lulus'),
(687, 103, 3, 0, '90.33', 0, 0, 'Lulus'),
(688, 104, 3, 0, '95.29', 0, 0, 'Lulus'),
(689, 105, 3, 0, '90.73', 0, 0, 'Lulus'),
(690, 106, 3, 0, '90.80', 0, 0, 'Lulus'),
(691, 107, 3, 0, '91.40', 0, 0, 'Lulus'),
(692, 108, 3, 0, '87.45', 0, 0, 'Lulus'),
(693, 109, 3, 0, '91.70', 0, 0, 'Lulus'),
(694, 110, 3, 0, '93.71', 0, 0, 'Lulus'),
(695, 111, 3, 0, '95.29', 0, 0, 'Lulus'),
(696, 112, 3, 0, '91.72', 0, 0, 'Lulus'),
(697, 113, 3, 0, '95.29', 0, 0, 'Lulus'),
(698, 114, 3, 0, '90.53', 0, 0, 'Lulus'),
(699, 115, 3, 0, '93.69', 0, 0, 'Lulus'),
(700, 116, 3, 0, '93.11', 0, 0, 'Lulus'),
(701, 117, 3, 0, '91.74', 0, 0, 'Lulus'),
(702, 118, 3, 0, '92.70', 0, 0, 'Lulus'),
(703, 119, 3, 0, '92.54', 0, 0, 'Lulus'),
(704, 120, 3, 0, '93.10', 0, 0, 'Lulus'),
(705, 121, 3, 0, '93.69', 0, 0, 'Lulus'),
(706, 122, 3, 0, '90.75', 0, 0, 'Lulus'),
(707, 123, 3, 0, '92.07', 0, 0, 'Lulus'),
(708, 124, 3, 0, '93.10', 0, 0, 'Lulus'),
(709, 125, 3, 0, '91.90', 0, 0, 'Lulus'),
(710, 126, 3, 0, '89.06', 0, 0, 'Lulus'),
(711, 127, 3, 0, '95.29', 0, 0, 'Lulus'),
(712, 128, 3, 0, '94.52', 0, 0, 'Lulus'),
(713, 129, 3, 0, '93.69', 0, 0, 'Lulus'),
(714, 130, 3, 0, '93.69', 0, 0, 'Lulus'),
(715, 131, 3, 0, '93.69', 0, 0, 'Lulus'),
(716, 132, 3, 0, '94.29', 0, 0, 'Lulus'),
(717, 133, 3, 0, '91.64', 0, 0, 'Lulus'),
(718, 134, 3, 0, '88.90', 0, 0, 'Lulus'),
(719, 135, 3, 0, '94.49', 0, 0, 'Lulus'),
(720, 136, 3, 0, '90.94', 0, 0, 'Lulus'),
(721, 137, 3, 0, '95.29', 0, 0, 'Lulus'),
(722, 138, 3, 0, '86.40', 0, 0, 'Lulus'),
(723, 139, 3, 0, '90.49', 0, 0, 'Lulus'),
(724, 140, 3, 0, '90.68', 0, 0, 'Lulus'),
(725, 141, 3, 0, '94.72', 0, 0, 'Lulus'),
(726, 142, 3, 0, '86.15', 0, 0, 'Lulus'),
(727, 143, 3, 0, '88.64', 0, 0, 'Lulus'),
(728, 144, 3, 0, '88.01', 0, 0, 'Lulus'),
(729, 145, 3, 0, '90.11', 0, 0, 'Lulus'),
(730, 146, 3, 0, '94.90', 0, 0, 'Lulus'),
(731, 147, 3, 0, '88.53', 0, 0, 'Lulus'),
(732, 148, 3, 0, '87.65', 0, 0, 'Lulus'),
(733, 149, 3, 0, '80.17', 0, 0, 'Lulus'),
(734, 150, 3, 0, '95.29', 0, 0, 'Lulus'),
(735, 151, 3, 0, '94.14', 0, 0, 'Lulus'),
(736, 152, 3, 0, '88.70', 0, 0, 'Lulus'),
(737, 153, 3, 0, '86.46', 0, 0, 'Lulus'),
(738, 154, 3, 0, '90.14', 0, 0, 'Lulus'),
(739, 155, 3, 0, '90.67', 0, 0, 'Lulus'),
(740, 156, 3, 0, '89.72', 0, 0, 'Lulus'),
(741, 157, 3, 0, '88.89', 0, 0, 'Lulus'),
(742, 158, 3, 0, '89.53', 0, 0, 'Lulus'),
(743, 159, 3, 0, '89.25', 0, 0, 'Lulus'),
(744, 160, 3, 0, '85.83', 0, 0, 'Lulus'),
(745, 161, 3, 0, '81.45', 0, 0, 'Lulus'),
(746, 162, 3, 0, '90.30', 0, 0, 'Lulus'),
(747, 163, 3, 0, '88.87', 0, 0, 'Lulus'),
(748, 164, 3, 0, '87.57', 0, 0, 'Lulus'),
(749, 165, 3, 0, '90.71', 0, 0, 'Lulus'),
(750, 166, 3, 0, '89.69', 0, 0, 'Lulus'),
(751, 167, 3, 0, '87.97', 0, 0, 'Lulus'),
(752, 168, 3, 0, '93.29', 0, 0, 'Lulus'),
(753, 169, 3, 0, '89.21', 0, 0, 'Lulus'),
(754, 170, 3, 0, '83.02', 0, 0, 'Lulus'),
(755, 171, 3, 0, '88.15', 0, 0, 'Lulus'),
(756, 172, 3, 0, '87.52', 0, 0, 'Lulus'),
(757, 173, 3, 0, '93.57', 0, 0, 'Lulus'),
(758, 174, 3, 0, '92.89', 0, 0, 'Lulus'),
(759, 175, 3, 0, '92.30', 0, 0, 'Lulus'),
(760, 176, 3, 0, '88.28', 0, 0, 'Lulus'),
(761, 177, 3, 0, '90.90', 0, 0, 'Lulus'),
(762, 178, 3, 0, '87.46', 0, 0, 'Lulus'),
(763, 179, 3, 0, '92.30', 0, 0, 'Lulus'),
(764, 180, 3, 0, '89.43', 0, 0, 'Lulus'),
(765, 181, 3, 0, '90.29', 0, 0, 'Lulus'),
(766, 182, 3, 0, '88.69', 0, 0, 'Lulus'),
(767, 183, 3, 0, '88.53', 0, 0, 'Lulus'),
(768, 184, 3, 0, '92.95', 0, 0, 'Lulus'),
(769, 185, 3, 0, '89.86', 0, 0, 'Lulus'),
(770, 186, 3, 0, '87.21', 0, 0, 'Lulus'),
(771, 187, 3, 0, '88.46', 0, 0, 'Lulus'),
(772, 188, 3, 0, '90.62', 0, 0, 'Lulus'),
(773, 189, 3, 0, '87.43', 0, 0, 'Lulus'),
(774, 190, 3, 0, '93.34', 0, 0, 'Lulus'),
(775, 191, 3, 0, '90.38', 0, 0, 'Lulus'),
(776, 192, 3, 0, '90.61', 0, 0, 'Lulus'),
(777, 193, 3, 0, '90.43', 0, 0, 'Lulus'),
(778, 194, 3, 0, '90.33', 0, 0, 'Lulus'),
(779, 195, 3, 0, '94.49', 0, 0, 'Lulus'),
(780, 196, 3, 0, '77.42', 0, 0, 'Lulus'),
(781, 197, 3, 0, '86.47', 0, 0, 'Lulus'),
(782, 198, 3, 0, '78.59', 0, 0, 'Lulus'),
(783, 199, 3, 0, '90.98', 0, 0, 'Lulus'),
(784, 200, 3, 0, '78.25', 0, 0, 'Lulus'),
(785, 201, 3, 0, '89.76', 0, 0, 'Lulus'),
(786, 202, 3, 0, '89.27', 0, 0, 'Lulus'),
(787, 203, 3, 0, '84.52', 0, 0, 'Lulus'),
(788, 204, 3, 0, '90.81', 0, 0, 'Lulus'),
(789, 205, 3, 0, '92.89', 0, 0, 'Lulus'),
(790, 206, 3, 0, '80.63', 0, 0, 'Lulus'),
(791, 207, 3, 0, '90.47', 0, 0, 'Lulus'),
(792, 208, 3, 0, '78.05', 0, 0, 'Lulus'),
(793, 209, 3, 0, '73.02', 0, 0, 'Lulus'),
(794, 210, 3, 0, '76.20', 0, 0, 'Lulus'),
(795, 211, 3, 0, '77.65', 0, 0, 'Lulus'),
(796, 212, 3, 0, '78.17', 0, 0, 'Lulus'),
(797, 213, 3, 0, '91.29', 0, 0, 'Lulus'),
(798, 214, 3, 0, '80.69', 0, 0, 'Lulus'),
(799, 215, 3, 0, '74.40', 0, 0, 'Lulus'),
(800, 216, 3, 0, '82.94', 0, 0, 'Lulus'),
(801, 217, 3, 0, '79.70', 0, 0, 'Lulus'),
(802, 218, 3, 0, '80.60', 0, 0, 'Lulus'),
(803, 219, 3, 0, '81.09', 0, 0, 'Lulus'),
(804, 220, 3, 0, '80.29', 0, 0, 'Lulus'),
(805, 221, 3, 0, '92.31', 0, 0, 'Lulus'),
(806, 222, 3, 0, '78.93', 0, 0, 'Lulus'),
(807, 223, 3, 0, '92.03', 0, 0, 'Lulus'),
(808, 224, 3, 0, '86.98', 0, 0, 'Lulus'),
(809, 225, 3, 0, '77.45', 0, 0, 'Lulus'),
(810, 226, 3, 0, '77.82', 0, 0, 'Lulus'),
(811, 227, 3, 0, '74.10', 0, 0, 'Lulus'),
(812, 228, 3, 0, '82.51', 0, 0, 'Lulus'),
(813, 229, 3, 0, '77.75', 0, 0, 'Lulus'),
(814, 230, 3, 0, '83.58', 0, 0, 'Lulus'),
(815, 231, 3, 0, '82.50', 0, 0, 'Lulus'),
(816, 232, 3, 0, '81.10', 0, 0, 'Lulus'),
(817, 233, 3, 0, '90.14', 0, 0, 'Lulus'),
(818, 234, 3, 0, '81.89', 0, 0, 'Lulus'),
(819, 235, 3, 0, '91.29', 0, 0, 'Lulus'),
(820, 236, 3, 0, '86.55', 0, 0, 'Lulus'),
(821, 237, 3, 0, '87.27', 0, 0, 'Lulus'),
(822, 238, 3, 0, '86.26', 0, 0, 'Lulus'),
(823, 239, 3, 0, '80.02', 0, 0, 'Lulus'),
(824, 240, 3, 0, '87.55', 0, 0, 'Lulus'),
(825, 241, 3, 0, '77.96', 0, 0, 'Lulus'),
(826, 242, 3, 0, '87.24', 0, 0, 'Lulus'),
(827, 243, 3, 0, '88.86', 0, 0, 'Lulus'),
(828, 244, 3, 0, '90.71', 0, 0, 'Lulus'),
(829, 245, 3, 0, '81.31', 0, 0, 'Lulus'),
(830, 246, 3, 0, '84.70', 0, 0, 'Lulus'),
(831, 247, 3, 0, '85.32', 0, 0, 'Lulus'),
(832, 248, 3, 0, '93.15', 0, 0, 'Lulus'),
(833, 249, 3, 0, '82.79', 0, 0, 'Lulus'),
(834, 250, 3, 0, '86.23', 0, 0, 'Lulus'),
(835, 251, 3, 0, '86.94', 0, 0, 'Lulus'),
(836, 252, 3, 0, '77.01', 0, 0, 'Lulus'),
(837, 253, 3, 0, '85.46', 0, 0, 'Lulus'),
(838, 254, 3, 0, '80.31', 0, 0, 'Lulus'),
(839, 255, 3, 0, '81.65', 0, 0, 'Lulus'),
(840, 256, 3, 0, '83.60', 0, 0, 'Lulus'),
(841, 257, 3, 0, '78.04', 0, 0, 'Lulus'),
(842, 258, 3, 0, '94.14', 0, 0, 'Lulus'),
(843, 259, 3, 0, '87.29', 0, 0, 'Lulus'),
(844, 260, 3, 0, '82.92', 0, 0, 'Lulus'),
(845, 261, 3, 0, '82.54', 0, 0, 'Lulus'),
(846, 262, 3, 0, '80.10', 0, 0, 'Lulus'),
(847, 263, 3, 0, '84.58', 0, 0, 'Lulus'),
(848, 264, 3, 0, '86.94', 0, 0, 'Lulus'),
(849, 265, 3, 0, '86.73', 0, 0, 'Lulus'),
(850, 266, 3, 0, '82.50', 0, 0, 'Lulus'),
(851, 267, 3, 0, '87.24', 0, 0, 'Lulus'),
(852, 268, 3, 0, '77.41', 0, 0, 'Lulus'),
(853, 269, 3, 0, '83.03', 0, 0, 'Lulus'),
(854, 270, 3, 0, '88.31', 0, 0, 'Lulus'),
(855, 271, 3, 0, '87.58', 0, 0, 'Lulus'),
(856, 272, 3, 0, '84.95', 0, 0, 'Lulus'),
(857, 273, 3, 0, '87.51', 0, 0, 'Lulus'),
(858, 274, 3, 0, '87.86', 0, 0, 'Lulus'),
(859, 275, 3, 0, '84.11', 0, 0, 'Lulus'),
(860, 276, 3, 0, '89.95', 0, 0, 'Lulus'),
(861, 277, 3, 0, '78.30', 0, 0, 'Lulus'),
(862, 278, 3, 0, '88.09', 0, 0, 'Lulus'),
(863, 279, 3, 0, '86.86', 0, 0, 'Lulus'),
(864, 280, 3, 0, '73.91', 0, 0, 'Lulus'),
(865, 281, 3, 0, '83.56', 0, 0, 'Lulus'),
(866, 282, 3, 0, '88.77', 0, 0, 'Lulus'),
(867, 283, 3, 0, '80.78', 0, 0, 'Lulus'),
(868, 284, 3, 0, '87.51', 0, 0, 'Lulus'),
(869, 285, 3, 0, '88.20', 0, 0, 'Lulus'),
(870, 286, 3, 0, '77.55', 0, 0, 'Lulus'),
(871, 287, 3, 0, '87.61', 0, 0, 'Lulus'),
(872, 288, 3, 0, '87.35', 0, 0, 'Lulus'),
(873, 289, 3, 0, '90.08', 0, 0, 'Lulus'),
(874, 290, 3, 0, '85.95', 0, 0, 'Lulus'),
(875, 291, 3, 0, '80.95', 0, 0, 'Lulus'),
(876, 292, 3, 0, '85.93', 0, 0, 'Lulus'),
(877, 1, 4, 60.11, '85.62', 92, 79.703333333333, 'Lulus'),
(878, 2, 4, 0, '90.93', 0, 30.466666666667, 'Lulus'),
(879, 3, 4, 0, '80.64', 0, 30.1, 'Lulus'),
(880, 4, 4, 0, '86.20', 0, 29.433333333333, 'Lulus'),
(881, 5, 4, 0, '76.73', 0, 26.633333333333, 'Lulus'),
(882, 6, 4, 0, '85.07', 0, 29.8, 'Lulus'),
(883, 7, 4, 0, '88.80', 0, 29.7, 'Lulus'),
(884, 8, 4, 0, '90.67', 0, 30.833333333333, 'Lulus'),
(885, 9, 4, 0, '89.84', 0, 28.4, 'Lulus'),
(886, 10, 4, 0, '86.04', 0, 29.966666666667, 'Lulus'),
(887, 11, 4, 0, '90.00', 0, 30.233333333333, 'Lulus'),
(888, 12, 4, 0, '87.27', 0, 0, 'Lulus'),
(889, 13, 4, 0, '88.51', 0, 0, 'Lulus'),
(890, 14, 4, 0, '84.16', 0, 0, 'Lulus'),
(891, 15, 4, 0, '90.13', 0, 0, 'Lulus'),
(892, 16, 4, 0, '89.38', 0, 0, 'Lulus'),
(893, 17, 4, 0, '91.47', 0, 0, 'Lulus'),
(894, 18, 4, 0, '92.53', 0, 0, 'Lulus'),
(895, 19, 4, 0, '87.76', 0, 0, 'Lulus'),
(896, 20, 4, 0, '88.44', 0, 0, 'Lulus'),
(897, 21, 4, 0, '84.09', 0, 0, 'Lulus'),
(898, 22, 4, 0, '88.76', 0, 0, 'Lulus'),
(899, 23, 4, 0, '90.56', 0, 0, 'Lulus'),
(900, 24, 4, 0, '92.31', 0, 0, 'Lulus'),
(901, 25, 4, 0, '87.07', 0, 0, 'Lulus'),
(902, 26, 4, 0, '88.91', 0, 0, 'Lulus'),
(903, 27, 4, 0, '88.00', 0, 0, 'Lulus'),
(904, 28, 4, 0, '92.20', 0, 0, 'Lulus'),
(905, 29, 4, 0, '88.84', 0, 0, 'Lulus'),
(906, 30, 4, 0, '89.33', 0, 0, 'Lulus'),
(907, 31, 4, 0, '81.18', 0, 0, 'Lulus'),
(908, 32, 4, 0, '91.07', 0, 0, 'Lulus'),
(909, 33, 4, 0, '86.98', 0, 0, 'Lulus'),
(910, 34, 4, 0, '85.49', 0, 0, 'Lulus'),
(911, 35, 4, 0, '88.51', 0, 0, 'Lulus'),
(912, 36, 4, 0, '91.07', 0, 0, 'Lulus'),
(913, 37, 4, 0, '87.78', 0, 0, 'Lulus'),
(914, 38, 4, 0, '85.87', 0, 0, 'Lulus'),
(915, 39, 4, 0, '86.67', 0, 0, 'Lulus'),
(916, 40, 4, 0, '89.76', 0, 0, 'Lulus'),
(917, 41, 4, 0, '86.67', 0, 0, 'Lulus'),
(918, 42, 4, 0, '87.82', 0, 0, 'Lulus'),
(919, 43, 4, 0, '89.07', 0, 0, 'Lulus'),
(920, 44, 4, 0, '91.33', 0, 0, 'Lulus'),
(921, 45, 4, 0, '86.51', 0, 0, 'Lulus'),
(922, 46, 4, 0, '91.73', 0, 0, 'Lulus'),
(923, 47, 4, 0, '86.80', 0, 0, 'Lulus'),
(924, 48, 4, 0, '88.53', 0, 0, 'Lulus'),
(925, 49, 4, 0, '90.13', 0, 0, 'Lulus'),
(926, 50, 4, 0, '87.76', 0, 0, 'Lulus'),
(927, 51, 4, 0, '90.93', 0, 0, 'Lulus'),
(928, 52, 4, 0, '84.49', 0, 0, 'Lulus'),
(929, 53, 4, 0, '89.29', 0, 0, 'Lulus'),
(930, 54, 4, 0, '91.64', 0, 0, 'Lulus'),
(931, 55, 4, 0, '86.67', 0, 0, 'Lulus'),
(932, 56, 4, 0, '88.24', 0, 0, 'Lulus'),
(933, 57, 4, 0, '88.33', 0, 0, 'Lulus'),
(934, 58, 4, 0, '89.71', 0, 0, 'Lulus'),
(935, 59, 4, 0, '79.98', 0, 0, 'Lulus'),
(936, 60, 4, 0, '85.64', 0, 0, 'Lulus'),
(937, 61, 4, 0, '85.00', 0, 0, 'Lulus'),
(938, 62, 4, 0, '89.31', 0, 0, 'Lulus'),
(939, 63, 4, 0, '90.40', 0, 0, 'Lulus'),
(940, 64, 4, 0, '90.40', 0, 0, 'Lulus'),
(941, 65, 4, 0, '82.53', 0, 0, 'Lulus'),
(942, 66, 4, 0, '87.33', 0, 0, 'Lulus'),
(943, 67, 4, 0, '91.20', 0, 0, 'Lulus'),
(944, 68, 4, 0, '88.53', 0, 0, 'Lulus'),
(945, 69, 4, 0, '88.44', 0, 0, 'Lulus'),
(946, 70, 4, 0, '89.33', 0, 0, 'Lulus'),
(947, 71, 4, 0, '93.73', 0, 0, 'Lulus'),
(948, 72, 4, 0, '87.04', 0, 0, 'Lulus'),
(949, 73, 4, 0, '73.71', 0, 0, 'Lulus'),
(950, 74, 4, 0, '94.27', 0, 0, 'Lulus'),
(951, 75, 4, 0, '84.38', 0, 0, 'Lulus'),
(952, 76, 4, 0, '88.69', 0, 0, 'Lulus'),
(953, 77, 4, 0, '90.36', 0, 0, 'Lulus'),
(954, 78, 4, 0, '86.71', 0, 0, 'Lulus'),
(955, 79, 4, 0, '91.73', 0, 0, 'Lulus'),
(956, 80, 4, 0, '81.73', 0, 0, 'Lulus'),
(957, 81, 4, 0, '89.38', 0, 0, 'Lulus'),
(958, 82, 4, 0, '90.64', 0, 0, 'Lulus'),
(959, 83, 4, 0, '86.38', 0, 0, 'Lulus'),
(960, 84, 4, 0, '87.67', 0, 0, 'Lulus'),
(961, 85, 4, 0, '87.71', 0, 0, 'Lulus'),
(962, 86, 4, 0, '80.31', 0, 0, 'Lulus'),
(963, 87, 4, 0, '86.98', 0, 0, 'Lulus'),
(964, 88, 4, 0, '86.96', 0, 0, 'Lulus'),
(965, 89, 4, 0, '88.67', 0, 0, 'Lulus'),
(966, 90, 4, 0, '85.22', 0, 0, 'Lulus'),
(967, 91, 4, 0, '90.60', 0, 0, 'Lulus'),
(968, 92, 4, 0, '89.07', 0, 0, 'Lulus'),
(969, 93, 4, 0, '87.58', 0, 0, 'Lulus'),
(970, 94, 4, 0, '88.93', 0, 0, 'Lulus'),
(971, 95, 4, 0, '76.47', 0, 0, 'Lulus'),
(972, 96, 4, 0, '87.33', 0, 0, 'Lulus'),
(973, 97, 4, 0, '87.62', 0, 0, 'Lulus'),
(974, 98, 4, 0, '94.40', 0, 0, 'Lulus'),
(975, 99, 4, 0, '89.33', 0, 0, 'Lulus'),
(976, 100, 4, 0, '84.24', 0, 0, 'Lulus'),
(977, 101, 4, 0, '86.53', 0, 0, 'Lulus'),
(978, 102, 4, 0, '87.58', 0, 0, 'Lulus'),
(979, 103, 4, 0, '83.04', 0, 0, 'Lulus'),
(980, 104, 4, 0, '86.04', 0, 0, 'Lulus'),
(981, 105, 4, 0, '89.78', 0, 0, 'Lulus'),
(982, 106, 4, 0, '89.07', 0, 0, 'Lulus'),
(983, 107, 4, 0, '92.67', 0, 0, 'Lulus'),
(984, 108, 4, 0, '92.13', 0, 0, 'Lulus'),
(985, 109, 4, 0, '88.87', 0, 0, 'Lulus'),
(986, 110, 4, 0, '91.47', 0, 0, 'Lulus'),
(987, 111, 4, 0, '91.38', 0, 0, 'Lulus'),
(988, 112, 4, 0, '91.18', 0, 0, 'Lulus'),
(989, 113, 4, 0, '91.60', 0, 0, 'Lulus'),
(990, 114, 4, 0, '90.53', 0, 0, 'Lulus'),
(991, 115, 4, 0, '88.62', 0, 0, 'Lulus'),
(992, 116, 4, 0, '90.20', 0, 0, 'Lulus'),
(993, 117, 4, 0, '87.38', 0, 0, 'Lulus'),
(994, 118, 4, 0, '88.78', 0, 0, 'Lulus'),
(995, 119, 4, 0, '91.18', 0, 0, 'Lulus'),
(996, 120, 4, 0, '91.33', 0, 0, 'Lulus'),
(997, 121, 4, 0, '91.40', 0, 0, 'Lulus'),
(998, 122, 4, 0, '89.27', 0, 0, 'Lulus'),
(999, 123, 4, 0, '91.33', 0, 0, 'Lulus'),
(1000, 124, 4, 0, '88.33', 0, 0, 'Lulus'),
(1001, 125, 4, 0, '91.07', 0, 0, 'Lulus'),
(1002, 126, 4, 0, '90.00', 0, 0, 'Lulus'),
(1003, 127, 4, 0, '91.84', 0, 0, 'Lulus'),
(1004, 128, 4, 0, '90.84', 0, 0, 'Lulus'),
(1005, 129, 4, 0, '93.60', 0, 0, 'Lulus'),
(1006, 130, 4, 0, '91.78', 0, 0, 'Lulus'),
(1007, 131, 4, 0, '92.40', 0, 0, 'Lulus'),
(1008, 132, 4, 0, '92.56', 0, 0, 'Lulus'),
(1009, 133, 4, 0, '86.49', 0, 0, 'Lulus'),
(1010, 134, 4, 0, '89.53', 0, 0, 'Lulus'),
(1011, 135, 4, 0, '92.71', 0, 0, 'Lulus'),
(1012, 136, 4, 0, '90.80', 0, 0, 'Lulus'),
(1013, 137, 4, 0, '93.73', 0, 0, 'Lulus'),
(1014, 138, 4, 0, '85.78', 0, 0, 'Lulus'),
(1015, 139, 4, 0, '88.80', 0, 0, 'Lulus'),
(1016, 140, 4, 0, '88.13', 0, 0, 'Lulus'),
(1017, 141, 4, 0, '92.93', 0, 0, 'Lulus'),
(1018, 142, 4, 0, '85.56', 0, 0, 'Lulus'),
(1019, 143, 4, 0, '85.84', 0, 0, 'Lulus'),
(1020, 144, 4, 0, '86.96', 0, 0, 'Lulus'),
(1021, 145, 4, 0, '87.02', 0, 0, 'Lulus'),
(1022, 146, 4, 0, '92.38', 0, 0, 'Lulus'),
(1023, 147, 4, 0, '88.93', 0, 0, 'Lulus'),
(1024, 148, 4, 0, '85.91', 0, 0, 'Lulus'),
(1025, 149, 4, 0, '82.44', 0, 0, 'Lulus'),
(1026, 150, 4, 0, '92.64', 0, 0, 'Lulus'),
(1027, 151, 4, 0, '92.60', 0, 0, 'Lulus'),
(1028, 152, 4, 0, '82.47', 0, 0, 'Lulus'),
(1029, 153, 4, 0, '83.02', 0, 0, 'Lulus'),
(1030, 154, 4, 0, '86.58', 0, 0, 'Lulus'),
(1031, 155, 4, 0, '86.78', 0, 0, 'Lulus'),
(1032, 156, 4, 0, '87.02', 0, 0, 'Lulus'),
(1033, 157, 4, 0, '84.67', 0, 0, 'Lulus'),
(1034, 158, 4, 0, '87.58', 0, 0, 'Lulus'),
(1035, 159, 4, 0, '86.91', 0, 0, 'Lulus'),
(1036, 160, 4, 0, '83.31', 0, 0, 'Lulus'),
(1037, 161, 4, 0, '85.82', 0, 0, 'Lulus'),
(1038, 162, 4, 0, '88.24', 0, 0, 'Lulus'),
(1039, 163, 4, 0, '87.38', 0, 0, 'Lulus'),
(1040, 164, 4, 0, '79.40', 0, 0, 'Lulus'),
(1041, 165, 4, 0, '89.18', 0, 0, 'Lulus'),
(1042, 166, 4, 0, '87.73', 0, 0, 'Lulus'),
(1043, 167, 4, 0, '86.53', 0, 0, 'Lulus'),
(1044, 168, 4, 0, '93.47', 0, 0, 'Lulus'),
(1045, 169, 4, 0, '83.98', 0, 0, 'Lulus'),
(1046, 170, 4, 0, '83.58', 0, 0, 'Lulus'),
(1047, 171, 4, 0, '84.87', 0, 0, 'Lulus'),
(1048, 172, 4, 0, '86.53', 0, 0, 'Lulus'),
(1049, 173, 4, 0, '93.27', 0, 0, 'Lulus'),
(1050, 174, 4, 0, '89.69', 0, 0, 'Lulus'),
(1051, 175, 4, 0, '89.87', 0, 0, 'Lulus'),
(1052, 176, 4, 0, '87.98', 0, 0, 'Lulus'),
(1053, 177, 4, 0, '90.40', 0, 0, 'Lulus'),
(1054, 178, 4, 0, '90.40', 0, 0, 'Lulus'),
(1055, 179, 4, 0, '92.11', 0, 0, 'Lulus'),
(1056, 180, 4, 0, '89.87', 0, 0, 'Lulus'),
(1057, 181, 4, 0, '89.98', 0, 0, 'Lulus'),
(1058, 182, 4, 0, '88.07', 0, 0, 'Lulus'),
(1059, 183, 4, 0, '93.04', 0, 0, 'Lulus'),
(1060, 184, 4, 0, '93.58', 0, 0, 'Lulus'),
(1061, 185, 4, 0, '89.73', 0, 0, 'Lulus'),
(1062, 186, 4, 0, '87.47', 0, 0, 'Lulus'),
(1063, 187, 4, 0, '92.29', 0, 0, 'Lulus'),
(1064, 188, 4, 0, '93.33', 0, 0, 'Lulus'),
(1065, 189, 4, 0, '90.56', 0, 0, 'Lulus'),
(1066, 190, 4, 0, '91.67', 0, 0, 'Lulus'),
(1067, 191, 4, 0, '88.98', 0, 0, 'Lulus'),
(1068, 192, 4, 0, '88.69', 0, 0, 'Lulus'),
(1069, 193, 4, 0, '90.27', 0, 0, 'Lulus'),
(1070, 194, 4, 0, '88.40', 0, 0, 'Lulus'),
(1071, 195, 4, 0, '91.31', 0, 0, 'Lulus'),
(1072, 196, 4, 0, '71.73', 0, 0, 'Lulus'),
(1073, 197, 4, 0, '89.71', 0, 0, 'Lulus'),
(1074, 198, 4, 0, '72.87', 0, 0, 'Lulus'),
(1075, 199, 4, 0, '90.73', 0, 0, 'Lulus'),
(1076, 200, 4, 0, '79.20', 0, 0, 'Lulus'),
(1077, 201, 4, 0, '88.87', 0, 0, 'Lulus'),
(1078, 202, 4, 0, '89.73', 0, 0, 'Lulus'),
(1079, 203, 4, 0, '86.02', 0, 0, 'Lulus'),
(1080, 204, 4, 0, '89.00', 0, 0, 'Lulus'),
(1081, 205, 4, 0, '90.40', 0, 0, 'Lulus'),
(1082, 206, 4, 0, '79.67', 0, 0, 'Lulus'),
(1083, 207, 4, 0, '89.84', 0, 0, 'Lulus'),
(1084, 208, 4, 0, '80.80', 0, 0, 'Lulus'),
(1085, 209, 4, 0, '77.49', 0, 0, 'Lulus'),
(1086, 210, 4, 0, '82.07', 0, 0, 'Lulus'),
(1087, 211, 4, 0, '81.93', 0, 0, 'Lulus'),
(1088, 212, 4, 0, '83.44', 0, 0, 'Lulus'),
(1089, 213, 4, 0, '88.98', 0, 0, 'Lulus'),
(1090, 214, 4, 0, '83.98', 0, 0, 'Lulus'),
(1091, 215, 4, 0, '73.38', 0, 0, 'Lulus'),
(1092, 216, 4, 0, '77.93', 0, 0, 'Lulus'),
(1093, 217, 4, 0, '76.60', 0, 0, 'Lulus'),
(1094, 218, 4, 0, '75.69', 0, 0, 'Lulus'),
(1095, 219, 4, 0, '78.93', 0, 0, 'Lulus'),
(1096, 220, 4, 0, '77.58', 0, 0, 'Lulus'),
(1097, 221, 4, 0, '90.13', 0, 0, 'Lulus'),
(1098, 222, 4, 0, '79.00', 0, 0, 'Lulus'),
(1099, 223, 4, 0, '89.73', 0, 0, 'Lulus'),
(1100, 224, 4, 0, '90.40', 0, 0, 'Lulus'),
(1101, 225, 4, 0, '72.93', 0, 0, 'Lulus'),
(1102, 226, 4, 0, '77.13', 0, 0, 'Lulus'),
(1103, 227, 4, 0, '77.53', 0, 0, 'Lulus'),
(1104, 228, 4, 0, '81.29', 0, 0, 'Lulus'),
(1105, 229, 4, 0, '79.69', 0, 0, 'Lulus'),
(1106, 230, 4, 0, '86.27', 0, 0, 'Lulus'),
(1107, 231, 4, 0, '77.62', 0, 0, 'Lulus'),
(1108, 232, 4, 0, '81.91', 0, 0, 'Lulus'),
(1109, 233, 4, 0, '87.44', 0, 0, 'Lulus'),
(1110, 234, 4, 0, '80.89', 0, 0, 'Lulus'),
(1111, 235, 4, 0, '88.24', 0, 0, 'Lulus'),
(1112, 236, 4, 0, '84.91', 0, 0, 'Lulus'),
(1113, 237, 4, 0, '85.04', 0, 0, 'Lulus'),
(1114, 238, 4, 0, '85.58', 0, 0, 'Lulus'),
(1115, 239, 4, 0, '82.13', 0, 0, 'Lulus'),
(1116, 240, 4, 0, '87.64', 0, 0, 'Lulus'),
(1117, 241, 4, 0, '74.20', 0, 0, 'Lulus'),
(1118, 242, 4, 0, '84.80', 0, 0, 'Lulus'),
(1119, 243, 4, 0, '87.31', 0, 0, 'Lulus'),
(1120, 244, 4, 0, '85.40', 0, 0, 'Lulus'),
(1121, 245, 4, 0, '83.60', 0, 0, 'Lulus'),
(1122, 246, 4, 0, '81.89', 0, 0, 'Lulus'),
(1123, 247, 4, 0, '82.71', 0, 0, 'Lulus'),
(1124, 248, 4, 0, '90.71', 0, 0, 'Lulus'),
(1125, 249, 4, 0, '82.78', 0, 0, 'Lulus'),
(1126, 250, 4, 0, '83.84', 0, 0, 'Lulus'),
(1127, 251, 4, 0, '81.89', 0, 0, 'Lulus'),
(1128, 252, 4, 0, '76.60', 0, 0, 'Lulus'),
(1129, 253, 4, 0, '86.78', 0, 0, 'Lulus'),
(1130, 254, 4, 0, '77.09', 0, 0, 'Lulus'),
(1131, 255, 4, 0, '85.44', 0, 0, 'Lulus'),
(1132, 256, 4, 0, '81.98', 0, 0, 'Lulus'),
(1133, 257, 4, 0, '78.22', 0, 0, 'Lulus'),
(1134, 258, 4, 0, '92.58', 0, 0, 'Lulus'),
(1135, 259, 4, 0, '86.49', 0, 0, 'Lulus'),
(1136, 260, 4, 0, '84.58', 0, 0, 'Lulus'),
(1137, 261, 4, 0, '84.07', 0, 0, 'Lulus'),
(1138, 262, 4, 0, '81.20', 0, 0, 'Lulus'),
(1139, 263, 4, 0, '87.87', 0, 0, 'Lulus'),
(1140, 264, 4, 0, '85.87', 0, 0, 'Lulus'),
(1141, 265, 4, 0, '89.73', 0, 0, 'Lulus'),
(1142, 266, 4, 0, '86.56', 0, 0, 'Lulus'),
(1143, 267, 4, 0, '87.87', 0, 0, 'Lulus'),
(1144, 268, 4, 0, '83.47', 0, 0, 'Lulus'),
(1145, 269, 4, 0, '84.73', 0, 0, 'Lulus'),
(1146, 270, 4, 0, '87.07', 0, 0, 'Lulus'),
(1147, 271, 4, 0, '89.33', 0, 0, 'Lulus'),
(1148, 272, 4, 0, '88.60', 0, 0, 'Lulus'),
(1149, 273, 4, 0, '84.64', 0, 0, 'Lulus'),
(1150, 274, 4, 0, '86.67', 0, 0, 'Lulus'),
(1151, 275, 4, 0, '84.49', 0, 0, 'Lulus'),
(1152, 276, 4, 0, '82.87', 0, 0, 'Lulus'),
(1153, 277, 4, 0, '83.18', 0, 0, 'Lulus'),
(1154, 278, 4, 0, '86.53', 0, 0, 'Lulus'),
(1155, 279, 4, 0, '86.64', 0, 0, 'Lulus'),
(1156, 280, 4, 0, '77.02', 0, 0, 'Lulus'),
(1157, 281, 4, 0, '84.27', 0, 0, 'Lulus'),
(1158, 282, 4, 0, '85.31', 0, 0, 'Lulus'),
(1159, 283, 4, 0, '80.82', 0, 0, 'Lulus'),
(1160, 284, 4, 0, '84.49', 0, 0, 'Lulus'),
(1161, 285, 4, 0, '87.89', 0, 0, 'Lulus'),
(1162, 286, 4, 0, '79.09', 0, 0, 'Lulus'),
(1163, 287, 4, 0, '84.53', 0, 0, 'Lulus'),
(1164, 288, 4, 0, '88.78', 0, 0, 'Lulus'),
(1165, 289, 4, 0, '85.04', 0, 0, 'Lulus'),
(1166, 290, 4, 0, '84.82', 0, 0, 'Lulus'),
(1167, 291, 4, 0, '82.44', 0, 0, 'Lulus'),
(1168, 292, 4, 0, '85.73', 0, 0, 'Lulus'),
(1169, 1, 5, 75, '88.60', 92, 80.666666666667, 'Lulus'),
(1170, 2, 5, 0, '88.10', 0, 30.466666666667, 'Lulus'),
(1171, 3, 5, 0, '81.50', 0, 29.933333333333, 'Lulus'),
(1172, 4, 5, 0, '85.50', 0, 30.033333333333, 'Lulus'),
(1173, 5, 5, 0, '75.00', 0, 29.433333333333, 'Lulus'),
(1174, 6, 5, 0, '86.00', 0, 29.433333333333, 'Lulus'),
(1175, 7, 5, 0, '88.10', 0, 30.133333333333, 'Lulus'),
(1176, 8, 5, 0, '88.10', 0, 28.166666666667, 'Lulus'),
(1177, 9, 5, 0, '86.60', 0, 28.2, 'Lulus'),
(1178, 10, 5, 0, '86.00', 0, 30, 'Lulus'),
(1179, 11, 5, 0, '84.50', 0, 30.733333333333, 'Lulus'),
(1180, 12, 5, 0, '86.00', 0, 0, 'Lulus'),
(1181, 13, 5, 0, '88.60', 0, 0, 'Lulus'),
(1182, 14, 5, 0, '87.00', 0, 0, 'Lulus'),
(1183, 15, 5, 0, '85.00', 0, 0, 'Lulus'),
(1184, 16, 5, 0, '87.10', 0, 0, 'Lulus'),
(1185, 17, 5, 0, '88.60', 0, 0, 'Lulus'),
(1186, 18, 5, 0, '88.90', 0, 0, 'Lulus'),
(1187, 19, 5, 0, '87.00', 0, 0, 'Lulus'),
(1188, 20, 5, 0, '87.60', 0, 0, 'Lulus'),
(1189, 21, 5, 0, '86.00', 0, 0, 'Lulus'),
(1190, 22, 5, 0, '87.60', 0, 0, 'Lulus'),
(1191, 23, 5, 0, '89.40', 0, 0, 'Lulus'),
(1192, 24, 5, 0, '89.90', 0, 0, 'Lulus'),
(1193, 25, 5, 0, '87.00', 0, 0, 'Lulus'),
(1194, 26, 5, 0, '84.50', 0, 0, 'Lulus'),
(1195, 27, 5, 0, '88.00', 0, 0, 'Lulus'),
(1196, 28, 5, 0, '90.40', 0, 0, 'Lulus'),
(1197, 29, 5, 0, '85.60', 0, 0, 'Lulus'),
(1198, 30, 5, 0, '88.60', 0, 0, 'Lulus'),
(1199, 31, 5, 0, '87.00', 0, 0, 'Lulus'),
(1200, 32, 5, 0, '89.70', 0, 0, 'Lulus'),
(1201, 33, 5, 0, '84.50', 0, 0, 'Lulus'),
(1202, 34, 5, 0, '85.00', 0, 0, 'Lulus'),
(1203, 35, 5, 0, '87.50', 0, 0, 'Lulus'),
(1204, 36, 5, 0, '88.30', 0, 0, 'Lulus'),
(1205, 37, 5, 0, '88.10', 0, 0, 'Lulus'),
(1206, 38, 5, 0, '85.30', 0, 0, 'Lulus'),
(1207, 39, 5, 0, '83.90', 0, 0, 'Lulus'),
(1208, 40, 5, 0, '87.60', 0, 0, 'Lulus'),
(1209, 41, 5, 0, '83.40', 0, 0, 'Lulus'),
(1210, 42, 5, 0, '87.80', 0, 0, 'Lulus'),
(1211, 43, 5, 0, '87.80', 0, 0, 'Lulus'),
(1212, 44, 5, 0, '88.60', 0, 0, 'Lulus'),
(1213, 45, 5, 0, '87.30', 0, 0, 'Lulus'),
(1214, 46, 5, 0, '87.80', 0, 0, 'Lulus'),
(1215, 47, 5, 0, '88.30', 0, 0, 'Lulus'),
(1216, 48, 5, 0, '85.40', 0, 0, 'Lulus'),
(1217, 49, 5, 0, '87.30', 0, 0, 'Lulus'),
(1218, 50, 5, 0, '84.90', 0, 0, 'Lulus'),
(1219, 51, 5, 0, '86.80', 0, 0, 'Lulus'),
(1220, 52, 5, 0, '84.40', 0, 0, 'Lulus'),
(1221, 53, 5, 0, '88.60', 0, 0, 'Lulus'),
(1222, 54, 5, 0, '86.30', 0, 0, 'Lulus'),
(1223, 55, 5, 0, '85.90', 0, 0, 'Lulus'),
(1224, 56, 5, 0, '86.30', 0, 0, 'Lulus'),
(1225, 57, 5, 0, '89.70', 0, 0, 'Lulus'),
(1226, 58, 5, 0, '87.80', 0, 0, 'Lulus'),
(1227, 59, 5, 0, '87.30', 0, 0, 'Lulus'),
(1228, 60, 5, 0, '86.80', 0, 0, 'Lulus'),
(1229, 61, 5, 0, '85.30', 0, 0, 'Lulus'),
(1230, 62, 5, 0, '88.60', 0, 0, 'Lulus'),
(1231, 63, 5, 0, '87.30', 0, 0, 'Lulus'),
(1232, 64, 5, 0, '87.80', 0, 0, 'Lulus'),
(1233, 65, 5, 0, '80.70', 0, 0, 'Lulus'),
(1234, 66, 5, 0, '86.30', 0, 0, 'Lulus'),
(1235, 67, 5, 0, '89.10', 0, 0, 'Lulus'),
(1236, 68, 5, 0, '87.80', 0, 0, 'Lulus'),
(1237, 69, 5, 0, '90.20', 0, 0, 'Lulus'),
(1238, 70, 5, 0, '85.80', 0, 0, 'Lulus'),
(1239, 71, 5, 0, '89.20', 0, 0, 'Lulus'),
(1240, 72, 5, 0, '88.10', 0, 0, 'Lulus'),
(1241, 73, 5, 0, '74.60', 0, 0, 'Lulus'),
(1242, 74, 5, 0, '89.00', 0, 0, 'Lulus'),
(1243, 75, 5, 0, '86.70', 0, 0, 'Lulus'),
(1244, 76, 5, 0, '86.70', 0, 0, 'Lulus');
INSERT INTO `nilai_siswa` (`id`, `siswa_id`, `mapel_id`, `nilai_rapot`, `nusp`, `nsp`, `avg`, `status_lulus`) VALUES
(1245, 77, 5, 0, '87.90', 0, 0, 'Lulus'),
(1246, 78, 5, 0, '85.90', 0, 0, 'Lulus'),
(1247, 79, 5, 0, '87.70', 0, 0, 'Lulus'),
(1248, 80, 5, 0, '78.40', 0, 0, 'Lulus'),
(1249, 81, 5, 0, '87.80', 0, 0, 'Lulus'),
(1250, 82, 5, 0, '86.80', 0, 0, 'Lulus'),
(1251, 83, 5, 0, '81.10', 0, 0, 'Lulus'),
(1252, 84, 5, 0, '86.80', 0, 0, 'Lulus'),
(1253, 85, 5, 0, '86.80', 0, 0, 'Lulus'),
(1254, 86, 5, 0, '82.60', 0, 0, 'Lulus'),
(1255, 87, 5, 0, '84.40', 0, 0, 'Lulus'),
(1256, 88, 5, 0, '86.30', 0, 0, 'Lulus'),
(1257, 89, 5, 0, '84.90', 0, 0, 'Lulus'),
(1258, 90, 5, 0, '84.40', 0, 0, 'Lulus'),
(1259, 91, 5, 0, '87.10', 0, 0, 'Lulus'),
(1260, 92, 5, 0, '87.60', 0, 0, 'Lulus'),
(1261, 93, 5, 0, '76.10', 0, 0, 'Lulus'),
(1262, 94, 5, 0, '87.60', 0, 0, 'Lulus'),
(1263, 95, 5, 0, '80.60', 0, 0, 'Lulus'),
(1264, 96, 5, 0, '84.40', 0, 0, 'Lulus'),
(1265, 97, 5, 0, '84.40', 0, 0, 'Lulus'),
(1266, 98, 5, 0, '90.50', 0, 0, 'Lulus'),
(1267, 99, 5, 0, '88.40', 0, 0, 'Lulus'),
(1268, 100, 5, 0, '85.30', 0, 0, 'Lulus'),
(1269, 101, 5, 0, '83.40', 0, 0, 'Lulus'),
(1270, 102, 5, 0, '85.10', 0, 0, 'Lulus'),
(1271, 103, 5, 0, '85.50', 0, 0, 'Lulus'),
(1272, 104, 5, 0, '91.50', 0, 0, 'Lulus'),
(1273, 105, 5, 0, '88.90', 0, 0, 'Lulus'),
(1274, 106, 5, 0, '88.80', 0, 0, 'Lulus'),
(1275, 107, 5, 0, '89.40', 0, 0, 'Lulus'),
(1276, 108, 5, 0, '89.40', 0, 0, 'Lulus'),
(1277, 109, 5, 0, '86.80', 0, 0, 'Lulus'),
(1278, 110, 5, 0, '90.50', 0, 0, 'Lulus'),
(1279, 111, 5, 0, '92.00', 0, 0, 'Lulus'),
(1280, 112, 5, 0, '90.20', 0, 0, 'Lulus'),
(1281, 113, 5, 0, '90.50', 0, 0, 'Lulus'),
(1282, 114, 5, 0, '90.40', 0, 0, 'Lulus'),
(1283, 115, 5, 0, '88.90', 0, 0, 'Lulus'),
(1284, 116, 5, 0, '89.40', 0, 0, 'Lulus'),
(1285, 117, 5, 0, '88.10', 0, 0, 'Lulus'),
(1286, 118, 5, 0, '88.60', 0, 0, 'Lulus'),
(1287, 119, 5, 0, '90.40', 0, 0, 'Lulus'),
(1288, 120, 5, 0, '91.50', 0, 0, 'Lulus'),
(1289, 121, 5, 0, '88.90', 0, 0, 'Lulus'),
(1290, 122, 5, 0, '89.40', 0, 0, 'Lulus'),
(1291, 123, 5, 0, '89.90', 0, 0, 'Lulus'),
(1292, 124, 5, 0, '91.00', 0, 0, 'Lulus'),
(1293, 125, 5, 0, '89.40', 0, 0, 'Lulus'),
(1294, 126, 5, 0, '90.50', 0, 0, 'Lulus'),
(1295, 127, 5, 0, '91.00', 0, 0, 'Lulus'),
(1296, 128, 5, 0, '92.00', 0, 0, 'Lulus'),
(1297, 129, 5, 0, '89.40', 0, 0, 'Lulus'),
(1298, 130, 5, 0, '87.90', 0, 0, 'Lulus'),
(1299, 131, 5, 0, '90.40', 0, 0, 'Lulus'),
(1300, 132, 5, 0, '91.50', 0, 0, 'Lulus'),
(1301, 133, 5, 0, '89.90', 0, 0, 'Lulus'),
(1302, 134, 5, 0, '88.80', 0, 0, 'Lulus'),
(1303, 135, 5, 0, '89.20', 0, 0, 'Lulus'),
(1304, 136, 5, 0, '87.80', 0, 0, 'Lulus'),
(1305, 137, 5, 0, '90.00', 0, 0, 'Lulus'),
(1306, 138, 5, 0, '85.50', 0, 0, 'Lulus'),
(1307, 139, 5, 0, '85.70', 0, 0, 'Lulus'),
(1308, 140, 5, 0, '84.70', 0, 0, 'Lulus'),
(1309, 141, 5, 0, '89.50', 0, 0, 'Lulus'),
(1310, 142, 5, 0, '85.70', 0, 0, 'Lulus'),
(1311, 143, 5, 0, '84.40', 0, 0, 'Lulus'),
(1312, 144, 5, 0, '85.20', 0, 0, 'Lulus'),
(1313, 145, 5, 0, '84.70', 0, 0, 'Lulus'),
(1314, 146, 5, 0, '89.50', 0, 0, 'Lulus'),
(1315, 147, 5, 0, '89.20', 0, 0, 'Lulus'),
(1316, 148, 5, 0, '83.60', 0, 0, 'Lulus'),
(1317, 149, 5, 0, '83.60', 0, 0, 'Lulus'),
(1318, 150, 5, 0, '90.00', 0, 0, 'Lulus'),
(1319, 151, 5, 0, '91.00', 0, 0, 'Lulus'),
(1320, 152, 5, 0, '83.10', 0, 0, 'Lulus'),
(1321, 153, 5, 0, '82.60', 0, 0, 'Lulus'),
(1322, 154, 5, 0, '87.50', 0, 0, 'Lulus'),
(1323, 155, 5, 0, '85.50', 0, 0, 'Lulus'),
(1324, 156, 5, 0, '84.70', 0, 0, 'Lulus'),
(1325, 157, 5, 0, '83.60', 0, 0, 'Lulus'),
(1326, 158, 5, 0, '84.70', 0, 0, 'Lulus'),
(1327, 159, 5, 0, '86.20', 0, 0, 'Lulus'),
(1328, 160, 5, 0, '86.90', 0, 0, 'Lulus'),
(1329, 161, 5, 0, '87.00', 0, 0, 'Lulus'),
(1330, 162, 5, 0, '85.70', 0, 0, 'Lulus'),
(1331, 163, 5, 0, '85.20', 0, 0, 'Lulus'),
(1332, 164, 5, 0, '83.00', 0, 0, 'Lulus'),
(1333, 165, 5, 0, '85.50', 0, 0, 'Lulus'),
(1334, 166, 5, 0, '85.90', 0, 0, 'Lulus'),
(1335, 167, 5, 0, '86.40', 0, 0, 'Lulus'),
(1336, 168, 5, 0, '91.50', 0, 0, 'Lulus'),
(1337, 169, 5, 0, '82.40', 0, 0, 'Lulus'),
(1338, 170, 5, 0, '80.40', 0, 0, 'Lulus'),
(1339, 171, 5, 0, '85.90', 0, 0, 'Lulus'),
(1340, 172, 5, 0, '86.00', 0, 0, 'Lulus'),
(1341, 173, 5, 0, '90.50', 0, 0, 'Lulus'),
(1342, 174, 5, 0, '88.10', 0, 0, 'Lulus'),
(1343, 175, 5, 0, '88.40', 0, 0, 'Lulus'),
(1344, 176, 5, 0, '86.00', 0, 0, 'Lulus'),
(1345, 177, 5, 0, '86.50', 0, 0, 'Lulus'),
(1346, 178, 5, 0, '87.60', 0, 0, 'Lulus'),
(1347, 179, 5, 0, '90.70', 0, 0, 'Lulus'),
(1348, 180, 5, 0, '88.10', 0, 0, 'Lulus'),
(1349, 181, 5, 0, '86.00', 0, 0, 'Lulus'),
(1350, 182, 5, 0, '88.60', 0, 0, 'Lulus'),
(1351, 183, 5, 0, '89.70', 0, 0, 'Lulus'),
(1352, 184, 5, 0, '90.00', 0, 0, 'Lulus'),
(1353, 185, 5, 0, '88.90', 0, 0, 'Lulus'),
(1354, 186, 5, 0, '88.90', 0, 0, 'Lulus'),
(1355, 187, 5, 0, '90.50', 0, 0, 'Lulus'),
(1356, 188, 5, 0, '89.70', 0, 0, 'Lulus'),
(1357, 189, 5, 0, '88.10', 0, 0, 'Lulus'),
(1358, 190, 5, 0, '88.70', 0, 0, 'Lulus'),
(1359, 191, 5, 0, '85.00', 0, 0, 'Lulus'),
(1360, 192, 5, 0, '90.00', 0, 0, 'Lulus'),
(1361, 193, 5, 0, '86.00', 0, 0, 'Lulus'),
(1362, 194, 5, 0, '88.70', 0, 0, 'Lulus'),
(1363, 195, 5, 0, '89.70', 0, 0, 'Lulus'),
(1364, 196, 5, 0, '78.90', 0, 0, 'Lulus'),
(1365, 197, 5, 0, '87.60', 0, 0, 'Lulus'),
(1366, 198, 5, 0, '82.00', 0, 0, 'Lulus'),
(1367, 199, 5, 0, '87.60', 0, 0, 'Lulus'),
(1368, 200, 5, 0, '80.40', 0, 0, 'Lulus'),
(1369, 201, 5, 0, '86.00', 0, 0, 'Lulus'),
(1370, 202, 5, 0, '88.10', 0, 0, 'Lulus'),
(1371, 203, 5, 0, '88.10', 0, 0, 'Lulus'),
(1372, 204, 5, 0, '86.00', 0, 0, 'Lulus'),
(1373, 205, 5, 0, '87.60', 0, 0, 'Lulus'),
(1374, 206, 5, 0, '78.80', 0, 0, 'Lulus'),
(1375, 207, 5, 0, '88.10', 0, 0, 'Lulus'),
(1376, 208, 5, 0, '79.30', 0, 0, 'Lulus'),
(1377, 209, 5, 0, '74.50', 0, 0, 'Lulus'),
(1378, 210, 5, 0, '80.90', 0, 0, 'Lulus'),
(1379, 211, 5, 0, '80.90', 0, 0, 'Lulus'),
(1380, 212, 5, 0, '82.00', 0, 0, 'Lulus'),
(1381, 213, 5, 0, '86.50', 0, 0, 'Lulus'),
(1382, 214, 5, 0, '87.00', 0, 0, 'Lulus'),
(1383, 215, 5, 0, '78.00', 0, 0, 'Lulus'),
(1384, 216, 5, 0, '79.80', 0, 0, 'Lulus'),
(1385, 217, 5, 0, '77.50', 0, 0, 'Lulus'),
(1386, 218, 5, 0, '78.80', 0, 0, 'Lulus'),
(1387, 219, 5, 0, '81.50', 0, 0, 'Lulus'),
(1388, 220, 5, 0, '81.00', 0, 0, 'Lulus'),
(1389, 221, 5, 0, '87.60', 0, 0, 'Lulus'),
(1390, 222, 5, 0, '78.50', 0, 0, 'Lulus'),
(1391, 223, 5, 0, '87.10', 0, 0, 'Lulus'),
(1392, 224, 5, 0, '87.10', 0, 0, 'Lulus'),
(1393, 225, 5, 0, '79.06', 0, 0, 'Lulus'),
(1394, 226, 5, 0, '76.50', 0, 0, 'Lulus'),
(1395, 227, 5, 0, '75.30', 0, 0, 'Lulus'),
(1396, 228, 5, 0, '84.40', 0, 0, 'Lulus'),
(1397, 229, 5, 0, '73.40', 0, 0, 'Lulus'),
(1398, 230, 5, 0, '80.90', 0, 0, 'Lulus'),
(1399, 231, 5, 0, '79.10', 0, 0, 'Lulus'),
(1400, 232, 5, 0, '80.10', 0, 0, 'Lulus'),
(1401, 233, 5, 0, '85.50', 0, 0, 'Lulus'),
(1402, 234, 5, 0, '80.10', 0, 0, 'Lulus'),
(1403, 235, 5, 0, '85.50', 0, 0, 'Lulus'),
(1404, 236, 5, 0, '83.10', 0, 0, 'Lulus'),
(1405, 237, 5, 0, '83.10', 0, 0, 'Lulus'),
(1406, 238, 5, 0, '83.60', 0, 0, 'Lulus'),
(1407, 239, 5, 0, '77.90', 0, 0, 'Lulus'),
(1408, 240, 5, 0, '84.60', 0, 0, 'Lulus'),
(1409, 241, 5, 0, '71.90', 0, 0, 'Lulus'),
(1410, 242, 5, 0, '85.50', 0, 0, 'Lulus'),
(1411, 243, 5, 0, '85.50', 0, 0, 'Lulus'),
(1412, 244, 5, 0, '85.50', 0, 0, 'Lulus'),
(1413, 245, 5, 0, '78.70', 0, 0, 'Lulus'),
(1414, 246, 5, 0, '82.80', 0, 0, 'Lulus'),
(1415, 247, 5, 0, '82.30', 0, 0, 'Lulus'),
(1416, 248, 5, 0, '88.70', 0, 0, 'Lulus'),
(1417, 249, 5, 0, '79.60', 0, 0, 'Lulus'),
(1418, 250, 5, 0, '83.80', 0, 0, 'Lulus'),
(1419, 251, 5, 0, '82.80', 0, 0, 'Lulus'),
(1420, 252, 5, 0, '72.90', 0, 0, 'Lulus'),
(1421, 253, 5, 0, '82.60', 0, 0, 'Lulus'),
(1422, 254, 5, 0, '76.90', 0, 0, 'Lulus'),
(1423, 255, 5, 0, '82.30', 0, 0, 'Lulus'),
(1424, 256, 5, 0, '80.10', 0, 0, 'Lulus'),
(1425, 257, 5, 0, '73.90', 0, 0, 'Lulus'),
(1426, 258, 5, 0, '90.00', 0, 0, 'Lulus'),
(1427, 259, 5, 0, '84.10', 0, 0, 'Lulus'),
(1428, 260, 5, 0, '82.00', 0, 0, 'Lulus'),
(1429, 261, 5, 0, '82.50', 0, 0, 'Lulus'),
(1430, 262, 5, 0, '79.90', 0, 0, 'Lulus'),
(1431, 263, 5, 0, '84.70', 0, 0, 'Lulus'),
(1432, 264, 5, 0, '82.30', 0, 0, 'Lulus'),
(1433, 265, 5, 0, '86.50', 0, 0, 'Lulus'),
(1434, 266, 5, 0, '77.80', 0, 0, 'Lulus'),
(1435, 267, 5, 0, '84.70', 0, 0, 'Lulus'),
(1436, 268, 5, 0, '79.90', 0, 0, 'Lulus'),
(1437, 269, 5, 0, '83.80', 0, 0, 'Lulus'),
(1438, 270, 5, 0, '83.60', 0, 0, 'Lulus'),
(1439, 271, 5, 0, '86.80', 0, 0, 'Lulus'),
(1440, 272, 5, 0, '85.20', 0, 0, 'Lulus'),
(1441, 273, 5, 0, '82.80', 0, 0, 'Lulus'),
(1442, 274, 5, 0, '83.60', 0, 0, 'Lulus'),
(1443, 275, 5, 0, '82.00', 0, 0, 'Lulus'),
(1444, 276, 5, 0, '86.70', 0, 0, 'Lulus'),
(1445, 277, 5, 0, '82.50', 0, 0, 'Lulus'),
(1446, 278, 5, 0, '82.80', 0, 0, 'Lulus'),
(1447, 279, 5, 0, '88.20', 0, 0, 'Lulus'),
(1448, 280, 5, 0, '69.40', 0, 0, 'Lulus'),
(1449, 281, 5, 0, '86.80', 0, 0, 'Lulus'),
(1450, 282, 5, 0, '83.60', 0, 0, 'Lulus'),
(1451, 283, 5, 0, '83.10', 0, 0, 'Lulus'),
(1452, 284, 5, 0, '82.80', 0, 0, 'Lulus'),
(1453, 285, 5, 0, '89.20', 0, 0, 'Lulus'),
(1454, 286, 5, 0, '80.40', 0, 0, 'Lulus'),
(1455, 287, 5, 0, '87.30', 0, 0, 'Lulus'),
(1456, 288, 5, 0, '88.70', 0, 0, 'Lulus'),
(1457, 289, 5, 0, '86.20', 0, 0, 'Lulus'),
(1458, 290, 5, 0, '87.30', 0, 0, 'Lulus'),
(1459, 291, 5, 0, '82.00', 0, 0, 'Lulus'),
(1460, 292, 5, 0, '85.70', 0, 0, 'Lulus'),
(1461, 1, 6, 74.76, '88.55', 92, 84.8, 'Lulus'),
(1462, 2, 6, 0, '90.74', 0, 28.666666666667, 'Lulus'),
(1463, 3, 6, 0, '84.19', 0, 29.533333333333, 'Lulus'),
(1464, 4, 6, 0, '90.95', 0, 30.1, 'Lulus'),
(1465, 5, 6, 0, '76.76', 0, 29.933333333333, 'Lulus'),
(1466, 6, 6, 0, '88.76', 0, 28.3, 'Lulus'),
(1467, 7, 6, 0, '87.70', 0, 30.5, 'Lulus'),
(1468, 8, 6, 0, '92.55', 0, 29.066666666667, 'Lulus'),
(1469, 9, 6, 0, '91.89', 0, 28.4, 'Lulus'),
(1470, 10, 6, 0, '88.67', 0, 29.333333333333, 'Lulus'),
(1471, 11, 6, 0, '90.86', 0, 0, 'Lulus'),
(1472, 12, 6, 0, '90.67', 0, 0, 'Lulus'),
(1473, 13, 6, 0, '91.31', 0, 0, 'Lulus'),
(1474, 14, 6, 0, '88.10', 0, 0, 'Lulus'),
(1475, 15, 6, 0, '91.43', 0, 0, 'Lulus'),
(1476, 16, 6, 0, '91.50', 0, 0, 'Lulus'),
(1477, 17, 6, 0, '93.03', 0, 0, 'Lulus'),
(1478, 18, 6, 0, '93.26', 0, 0, 'Lulus'),
(1479, 19, 6, 0, '87.24', 0, 0, 'Lulus'),
(1480, 20, 6, 0, '91.89', 0, 0, 'Lulus'),
(1481, 21, 6, 0, '84.38', 0, 0, 'Lulus'),
(1482, 22, 6, 0, '90.74', 0, 0, 'Lulus'),
(1483, 23, 6, 0, '92.50', 0, 0, 'Lulus'),
(1484, 24, 6, 0, '92.50', 0, 0, 'Lulus'),
(1485, 25, 6, 0, '87.62', 0, 0, 'Lulus'),
(1486, 26, 6, 0, '90.95', 0, 0, 'Lulus'),
(1487, 27, 6, 0, '91.43', 0, 0, 'Lulus'),
(1488, 28, 6, 0, '93.07', 0, 0, 'Lulus'),
(1489, 29, 6, 0, '93.03', 0, 0, 'Lulus'),
(1490, 30, 6, 0, '93.03', 0, 0, 'Lulus'),
(1491, 31, 6, 0, '90.67', 0, 0, 'Lulus'),
(1492, 32, 6, 0, '94.63', 0, 0, 'Lulus'),
(1493, 33, 6, 0, '90.67', 0, 0, 'Lulus'),
(1494, 34, 6, 0, '89.81', 0, 0, 'Lulus'),
(1495, 35, 6, 0, '90.67', 0, 0, 'Lulus'),
(1496, 36, 6, 0, '92.23', 0, 0, 'Lulus'),
(1497, 37, 6, 0, '91.89', 0, 0, 'Lulus'),
(1498, 38, 6, 0, '91.09', 0, 0, 'Lulus'),
(1499, 39, 6, 0, '89.07', 0, 0, 'Lulus'),
(1500, 40, 6, 0, '91.89', 0, 0, 'Lulus'),
(1501, 41, 6, 0, '88.69', 0, 0, 'Lulus'),
(1502, 42, 6, 0, '91.28', 0, 0, 'Lulus'),
(1503, 43, 6, 0, '90.32', 0, 0, 'Lulus'),
(1504, 44, 6, 0, '91.12', 0, 0, 'Lulus'),
(1505, 45, 6, 0, '91.47', 0, 0, 'Lulus'),
(1506, 46, 6, 0, '92.23', 0, 0, 'Lulus'),
(1507, 47, 6, 0, '88.70', 0, 0, 'Lulus'),
(1508, 48, 6, 0, '89.35', 0, 0, 'Lulus'),
(1509, 49, 6, 0, '90.13', 0, 0, 'Lulus'),
(1510, 50, 6, 0, '88.50', 0, 0, 'Lulus'),
(1511, 51, 6, 0, '90.99', 0, 0, 'Lulus'),
(1512, 52, 6, 0, '87.54', 0, 0, 'Lulus'),
(1513, 53, 6, 0, '92.46', 0, 0, 'Lulus'),
(1514, 54, 6, 0, '92.23', 0, 0, 'Lulus'),
(1515, 55, 6, 0, '89.83', 0, 0, 'Lulus'),
(1516, 56, 6, 0, '92.23', 0, 0, 'Lulus'),
(1517, 57, 6, 0, '91.87', 0, 0, 'Lulus'),
(1518, 58, 6, 0, '92.23', 0, 0, 'Lulus'),
(1519, 59, 6, 0, '91.28', 0, 0, 'Lulus'),
(1520, 60, 6, 0, '89.37', 0, 0, 'Lulus'),
(1521, 61, 6, 0, '89.94', 0, 0, 'Lulus'),
(1522, 62, 6, 0, '92.27', 0, 0, 'Lulus'),
(1523, 63, 6, 0, '92.23', 0, 0, 'Lulus'),
(1524, 64, 6, 0, '91.47', 0, 0, 'Lulus'),
(1525, 65, 6, 0, '85.01', 0, 0, 'Lulus'),
(1526, 66, 6, 0, '89.75', 0, 0, 'Lulus'),
(1527, 67, 6, 0, '92.27', 0, 0, 'Lulus'),
(1528, 68, 6, 0, '91.09', 0, 0, 'Lulus'),
(1529, 69, 6, 0, '91.87', 0, 0, 'Lulus'),
(1530, 70, 6, 0, '90.90', 0, 0, 'Lulus'),
(1531, 71, 6, 0, '94.63', 0, 0, 'Lulus'),
(1532, 72, 6, 0, '92.65', 0, 0, 'Lulus'),
(1533, 73, 6, 0, '84.46', 0, 0, 'Lulus'),
(1534, 74, 6, 0, '95.43', 0, 0, 'Lulus'),
(1535, 75, 6, 0, '88.91', 0, 0, 'Lulus'),
(1536, 76, 6, 0, '91.20', 0, 0, 'Lulus'),
(1537, 77, 6, 0, '92.50', 0, 0, 'Lulus'),
(1538, 78, 6, 0, '89.83', 0, 0, 'Lulus'),
(1539, 79, 6, 0, '93.30', 0, 0, 'Lulus'),
(1540, 80, 6, 0, '77.45', 0, 0, 'Lulus'),
(1541, 81, 6, 0, '91.47', 0, 0, 'Lulus'),
(1542, 82, 6, 0, '92.23', 0, 0, 'Lulus'),
(1543, 83, 6, 0, '82.84', 0, 0, 'Lulus'),
(1544, 84, 6, 0, '92.23', 0, 0, 'Lulus'),
(1545, 85, 6, 0, '85.75', 0, 0, 'Lulus'),
(1546, 86, 6, 0, '89.03', 0, 0, 'Lulus'),
(1547, 87, 6, 0, '89.83', 0, 0, 'Lulus'),
(1548, 88, 6, 0, '92.23', 0, 0, 'Lulus'),
(1549, 89, 6, 0, '89.07', 0, 0, 'Lulus'),
(1550, 90, 6, 0, '89.83', 0, 0, 'Lulus'),
(1551, 91, 6, 0, '91.31', 0, 0, 'Lulus'),
(1552, 92, 6, 0, '92.65', 0, 0, 'Lulus'),
(1553, 93, 6, 0, '88.84', 0, 0, 'Lulus'),
(1554, 94, 6, 0, '92.55', 0, 0, 'Lulus'),
(1555, 95, 6, 0, '88.46', 0, 0, 'Lulus'),
(1556, 96, 6, 0, '89.45', 0, 0, 'Lulus'),
(1557, 97, 6, 0, '88.69', 0, 0, 'Lulus'),
(1558, 98, 6, 0, '94.67', 0, 0, 'Lulus'),
(1559, 99, 6, 0, '93.45', 0, 0, 'Lulus'),
(1560, 100, 6, 0, '90.32', 0, 0, 'Lulus'),
(1561, 101, 6, 0, '88.11', 0, 0, 'Lulus'),
(1562, 102, 6, 0, '88.46', 0, 0, 'Lulus'),
(1563, 103, 6, 0, '90.67', 0, 0, 'Lulus'),
(1564, 104, 6, 0, '95.05', 0, 0, 'Lulus'),
(1565, 105, 6, 0, '93.07', 0, 0, 'Lulus'),
(1566, 106, 6, 0, '90.32', 0, 0, 'Lulus'),
(1567, 107, 6, 0, '93.45', 0, 0, 'Lulus'),
(1568, 108, 6, 0, '92.02', 0, 0, 'Lulus'),
(1569, 109, 6, 0, '92.23', 0, 0, 'Lulus'),
(1570, 110, 6, 0, '94.86', 0, 0, 'Lulus'),
(1571, 111, 6, 0, '93.52', 0, 0, 'Lulus'),
(1572, 112, 6, 0, '93.68', 0, 0, 'Lulus'),
(1573, 113, 6, 0, '94.95', 0, 0, 'Lulus'),
(1574, 114, 6, 0, '93.83', 0, 0, 'Lulus'),
(1575, 115, 6, 0, '93.83', 0, 0, 'Lulus'),
(1576, 116, 6, 0, '93.07', 0, 0, 'Lulus'),
(1577, 117, 6, 0, '93.03', 0, 0, 'Lulus'),
(1578, 118, 6, 0, '90.55', 0, 0, 'Lulus'),
(1579, 119, 6, 0, '93.83', 0, 0, 'Lulus'),
(1580, 120, 6, 0, '95.05', 0, 0, 'Lulus'),
(1581, 121, 6, 0, '93.83', 0, 0, 'Lulus'),
(1582, 122, 6, 0, '93.07', 0, 0, 'Lulus'),
(1583, 123, 6, 0, '93.64', 0, 0, 'Lulus'),
(1584, 124, 6, 0, '93.90', 0, 0, 'Lulus'),
(1585, 125, 6, 0, '92.69', 0, 0, 'Lulus'),
(1586, 126, 6, 0, '95.43', 0, 0, 'Lulus'),
(1587, 127, 6, 0, '95.43', 0, 0, 'Lulus'),
(1588, 128, 6, 0, '95.05', 0, 0, 'Lulus'),
(1589, 129, 6, 0, '93.26', 0, 0, 'Lulus'),
(1590, 130, 6, 0, '93.83', 0, 0, 'Lulus'),
(1591, 131, 6, 0, '93.83', 0, 0, 'Lulus'),
(1592, 132, 6, 0, '94.86', 0, 0, 'Lulus'),
(1593, 133, 6, 0, '93.83', 0, 0, 'Lulus'),
(1594, 134, 6, 0, '91.47', 0, 0, 'Lulus'),
(1595, 135, 6, 0, '94.63', 0, 0, 'Lulus'),
(1596, 136, 6, 0, '92.23', 0, 0, 'Lulus'),
(1597, 137, 6, 0, '95.43', 0, 0, 'Lulus'),
(1598, 138, 6, 0, '91.43', 0, 0, 'Lulus'),
(1599, 139, 6, 0, '90.63', 0, 0, 'Lulus'),
(1600, 140, 6, 0, '90.06', 0, 0, 'Lulus'),
(1601, 141, 6, 0, '94.86', 0, 0, 'Lulus'),
(1602, 142, 6, 0, '90.44', 0, 0, 'Lulus'),
(1603, 143, 6, 0, '88.50', 0, 0, 'Lulus'),
(1604, 144, 6, 0, '90.25', 0, 0, 'Lulus'),
(1605, 145, 6, 0, '90.63', 0, 0, 'Lulus'),
(1606, 146, 6, 0, '95.43', 0, 0, 'Lulus'),
(1607, 147, 6, 0, '93.49', 0, 0, 'Lulus'),
(1608, 148, 6, 0, '88.27', 0, 0, 'Lulus'),
(1609, 149, 6, 0, '88.46', 0, 0, 'Lulus'),
(1610, 150, 6, 0, '94.10', 0, 0, 'Lulus'),
(1611, 151, 6, 0, '95.24', 0, 0, 'Lulus'),
(1612, 152, 6, 0, '86.55', 0, 0, 'Lulus'),
(1613, 153, 6, 0, '87.70', 0, 0, 'Lulus'),
(1614, 154, 6, 0, '90.29', 0, 0, 'Lulus'),
(1615, 155, 6, 0, '91.43', 0, 0, 'Lulus'),
(1616, 156, 6, 0, '90.63', 0, 0, 'Lulus'),
(1617, 157, 6, 0, '88.46', 0, 0, 'Lulus'),
(1618, 158, 6, 0, '90.63', 0, 0, 'Lulus'),
(1619, 159, 6, 0, '90.63', 0, 0, 'Lulus'),
(1620, 160, 6, 0, '88.30', 0, 0, 'Lulus'),
(1621, 161, 6, 0, '90.48', 0, 0, 'Lulus'),
(1622, 162, 6, 0, '90.63', 0, 0, 'Lulus'),
(1623, 163, 6, 0, '90.06', 0, 0, 'Lulus'),
(1624, 164, 6, 0, '85.81', 0, 0, 'Lulus'),
(1625, 165, 6, 0, '90.10', 0, 0, 'Lulus'),
(1626, 166, 6, 0, '89.35', 0, 0, 'Lulus'),
(1627, 167, 6, 0, '89.07', 0, 0, 'Lulus'),
(1628, 168, 6, 0, '94.86', 0, 0, 'Lulus'),
(1629, 169, 6, 0, '89.07', 0, 0, 'Lulus'),
(1630, 170, 6, 0, '86.50', 0, 0, 'Lulus'),
(1631, 171, 6, 0, '89.07', 0, 0, 'Lulus'),
(1632, 172, 6, 0, '91.43', 0, 0, 'Lulus'),
(1633, 173, 6, 0, '95.05', 0, 0, 'Lulus'),
(1634, 174, 6, 0, '92.46', 0, 0, 'Lulus'),
(1635, 175, 6, 0, '93.83', 0, 0, 'Lulus'),
(1636, 176, 6, 0, '90.67', 0, 0, 'Lulus'),
(1637, 177, 6, 0, '91.43', 0, 0, 'Lulus'),
(1638, 178, 6, 0, '92.65', 0, 0, 'Lulus'),
(1639, 179, 6, 0, '93.87', 0, 0, 'Lulus'),
(1640, 180, 6, 0, '91.70', 0, 0, 'Lulus'),
(1641, 181, 6, 0, '91.43', 0, 0, 'Lulus'),
(1642, 182, 6, 0, '92.36', 0, 0, 'Lulus'),
(1643, 183, 6, 0, '94.63', 0, 0, 'Lulus'),
(1644, 184, 6, 0, '94.67', 0, 0, 'Lulus'),
(1645, 185, 6, 0, '92.50', 0, 0, 'Lulus'),
(1646, 186, 6, 0, '92.30', 0, 0, 'Lulus'),
(1647, 187, 6, 0, '95.43', 0, 0, 'Lulus'),
(1648, 188, 6, 0, '94.63', 0, 0, 'Lulus'),
(1649, 189, 6, 0, '88.93', 0, 0, 'Lulus'),
(1650, 190, 6, 0, '93.30', 0, 0, 'Lulus'),
(1651, 191, 6, 0, '90.67', 0, 0, 'Lulus'),
(1652, 192, 6, 0, '95.43', 0, 0, 'Lulus'),
(1653, 193, 6, 0, '90.86', 0, 0, 'Lulus'),
(1654, 194, 6, 0, '94.63', 0, 0, 'Lulus'),
(1655, 195, 6, 0, '93.87', 0, 0, 'Lulus'),
(1656, 196, 6, 0, '76.21', 0, 0, 'Lulus'),
(1657, 197, 6, 0, '91.50', 0, 0, 'Lulus'),
(1658, 198, 6, 0, '74.10', 0, 0, 'Lulus'),
(1659, 199, 6, 0, '91.70', 0, 0, 'Lulus'),
(1660, 200, 6, 0, '80.78', 0, 0, 'Lulus'),
(1661, 201, 6, 0, '85.90', 0, 0, 'Lulus'),
(1662, 202, 6, 0, '89.70', 0, 0, 'Lulus'),
(1663, 203, 6, 0, '89.79', 0, 0, 'Lulus'),
(1664, 204, 6, 0, '90.86', 0, 0, 'Lulus'),
(1665, 205, 6, 0, '91.70', 0, 0, 'Lulus'),
(1666, 206, 6, 0, '79.56', 0, 0, 'Lulus'),
(1667, 207, 6, 0, '90.84', 0, 0, 'Lulus'),
(1668, 208, 6, 0, '81.18', 0, 0, 'Lulus'),
(1669, 209, 6, 0, '72.95', 0, 0, 'Lulus'),
(1670, 210, 6, 0, '81.64', 0, 0, 'Lulus'),
(1671, 211, 6, 0, '80.30', 0, 0, 'Lulus'),
(1672, 212, 6, 0, '76.57', 0, 0, 'Lulus'),
(1673, 213, 6, 0, '90.86', 0, 0, 'Lulus'),
(1674, 214, 6, 0, '85.14', 0, 0, 'Lulus'),
(1675, 215, 6, 0, '72.86', 0, 0, 'Lulus'),
(1676, 216, 6, 0, '75.56', 0, 0, 'Lulus'),
(1677, 217, 6, 0, '71.14', 0, 0, 'Lulus'),
(1678, 218, 6, 0, '83.09', 0, 0, 'Lulus'),
(1679, 219, 6, 0, '81.43', 0, 0, 'Lulus'),
(1680, 220, 6, 0, '79.24', 0, 0, 'Lulus'),
(1681, 221, 6, 0, '90.36', 0, 0, 'Lulus'),
(1682, 222, 6, 0, '80.76', 0, 0, 'Lulus'),
(1683, 223, 6, 0, '91.12', 0, 0, 'Lulus'),
(1684, 224, 6, 0, '90.74', 0, 0, 'Lulus'),
(1685, 225, 6, 0, '73.64', 0, 0, 'Lulus'),
(1686, 226, 6, 0, '73.33', 0, 0, 'Lulus'),
(1687, 227, 6, 0, '76.80', 0, 0, 'Lulus'),
(1688, 228, 6, 0, '81.83', 0, 0, 'Lulus'),
(1689, 229, 6, 0, '80.21', 0, 0, 'Lulus'),
(1690, 230, 6, 0, '86.11', 0, 0, 'Lulus'),
(1691, 231, 6, 0, '84.27', 0, 0, 'Lulus'),
(1692, 232, 6, 0, '84.46', 0, 0, 'Lulus'),
(1693, 233, 6, 0, '90.67', 0, 0, 'Lulus'),
(1694, 234, 6, 0, '81.98', 0, 0, 'Lulus'),
(1695, 235, 6, 0, '89.71', 0, 0, 'Lulus'),
(1696, 236, 6, 0, '87.89', 0, 0, 'Lulus'),
(1697, 237, 6, 0, '86.93', 0, 0, 'Lulus'),
(1698, 238, 6, 0, '88.65', 0, 0, 'Lulus'),
(1699, 239, 6, 0, '81.07', 0, 0, 'Lulus'),
(1700, 240, 6, 0, '87.12', 0, 0, 'Lulus'),
(1701, 241, 6, 0, '78.21', 0, 0, 'Lulus'),
(1702, 242, 6, 0, '81.71', 0, 0, 'Lulus'),
(1703, 243, 6, 0, '90.67', 0, 0, 'Lulus'),
(1704, 244, 6, 0, '83.05', 0, 0, 'Lulus'),
(1705, 245, 6, 0, '80.25', 0, 0, 'Lulus'),
(1706, 246, 6, 0, '82.32', 0, 0, 'Lulus'),
(1707, 247, 6, 0, '86.70', 0, 0, 'Lulus'),
(1708, 248, 6, 0, '89.87', 0, 0, 'Lulus'),
(1709, 249, 6, 0, '84.27', 0, 0, 'Lulus'),
(1710, 250, 6, 0, '85.28', 0, 0, 'Lulus'),
(1711, 251, 6, 0, '86.04', 0, 0, 'Lulus'),
(1712, 252, 6, 0, '74.40', 0, 0, 'Lulus'),
(1713, 253, 6, 0, '89.03', 0, 0, 'Lulus'),
(1714, 254, 6, 0, '82.78', 0, 0, 'Lulus'),
(1715, 255, 6, 0, '87.09', 0, 0, 'Lulus'),
(1716, 256, 6, 0, '81.22', 0, 0, 'Lulus'),
(1717, 257, 6, 0, '76.11', 0, 0, 'Lulus'),
(1718, 258, 6, 0, '93.33', 0, 0, 'Lulus'),
(1719, 259, 6, 0, '88.27', 0, 0, 'Lulus'),
(1720, 260, 6, 0, '86.48', 0, 0, 'Lulus'),
(1721, 261, 6, 0, '86.67', 0, 0, 'Lulus'),
(1722, 262, 6, 0, '83.07', 0, 0, 'Lulus'),
(1723, 263, 6, 0, '89.30', 0, 0, 'Lulus'),
(1724, 264, 6, 0, '87.47', 0, 0, 'Lulus'),
(1725, 265, 6, 0, '90.67', 0, 0, 'Lulus'),
(1726, 266, 6, 0, '89.47', 0, 0, 'Lulus'),
(1727, 267, 6, 0, '89.87', 0, 0, 'Lulus'),
(1728, 268, 6, 0, '84.11', 0, 0, 'Lulus'),
(1729, 269, 6, 0, '87.28', 0, 0, 'Lulus'),
(1730, 270, 6, 0, '88.27', 0, 0, 'Lulus'),
(1731, 271, 6, 0, '90.13', 0, 0, 'Lulus'),
(1732, 272, 6, 0, '89.87', 0, 0, 'Lulus'),
(1733, 273, 6, 0, '87.28', 0, 0, 'Lulus'),
(1734, 274, 6, 0, '86.27', 0, 0, 'Lulus'),
(1735, 275, 6, 0, '86.29', 0, 0, 'Lulus'),
(1736, 276, 6, 0, '89.58', 0, 0, 'Lulus'),
(1737, 277, 6, 0, '82.95', 0, 0, 'Lulus'),
(1738, 278, 6, 0, '87.47', 0, 0, 'Lulus'),
(1739, 279, 6, 0, '87.49', 0, 0, 'Lulus'),
(1740, 280, 6, 0, '74.40', 0, 0, 'Lulus'),
(1741, 281, 6, 0, '90.70', 0, 0, 'Lulus'),
(1742, 282, 6, 0, '86.93', 0, 0, 'Lulus'),
(1743, 283, 6, 0, '87.60', 0, 0, 'Lulus'),
(1744, 284, 6, 0, '86.51', 0, 0, 'Lulus'),
(1745, 285, 6, 0, '91.39', 0, 0, 'Lulus'),
(1746, 286, 6, 0, '74.30', 0, 0, 'Lulus'),
(1747, 287, 6, 0, '90.90', 0, 0, 'Lulus'),
(1748, 288, 6, 0, '93.30', 0, 0, 'Lulus'),
(1749, 289, 6, 0, '91.49', 0, 0, 'Lulus'),
(1750, 290, 6, 0, '89.56', 0, 0, 'Lulus'),
(1751, 291, 6, 0, '83.90', 0, 0, 'Lulus'),
(1752, 292, 6, 0, '89.77', 0, 0, 'Lulus'),
(1753, 1, 7, 67.5, '87.10', 92, 83.2, 'Lulus'),
(1754, 2, 7, 0, '89.10', 0, 29, 'Lulus'),
(1755, 3, 7, 0, '86.50', 0, 28.933333333333, 'Lulus'),
(1756, 4, 7, 0, '85.50', 0, 29.433333333333, 'Lulus'),
(1757, 5, 7, 0, '76.50', 0, 27.866666666667, 'Lulus'),
(1758, 6, 7, 0, '86.00', 0, 28.366666666667, 'Lulus'),
(1759, 7, 7, 0, '89.60', 0, 30.466666666667, 'Lulus'),
(1760, 8, 7, 0, '90.60', 0, 28.4, 'Lulus'),
(1761, 9, 7, 0, '88.60', 0, 28.4, 'Lulus'),
(1762, 10, 7, 0, '88.00', 0, 30.366666666667, 'Lulus'),
(1763, 11, 7, 0, '87.00', 0, 0, 'Lulus'),
(1764, 12, 7, 0, '88.00', 0, 0, 'Lulus'),
(1765, 13, 7, 0, '85.60', 0, 0, 'Lulus'),
(1766, 14, 7, 0, '89.00', 0, 0, 'Lulus'),
(1767, 15, 7, 0, '87.00', 0, 0, 'Lulus'),
(1768, 16, 7, 0, '88.60', 0, 0, 'Lulus'),
(1769, 17, 7, 0, '91.60', 0, 0, 'Lulus'),
(1770, 18, 7, 0, '92.90', 0, 0, 'Lulus'),
(1771, 19, 7, 0, '89.00', 0, 0, 'Lulus'),
(1772, 20, 7, 0, '91.60', 0, 0, 'Lulus'),
(1773, 21, 7, 0, '86.50', 0, 0, 'Lulus'),
(1774, 22, 7, 0, '88.60', 0, 0, 'Lulus'),
(1775, 23, 7, 0, '92.40', 0, 0, 'Lulus'),
(1776, 24, 7, 0, '91.90', 0, 0, 'Lulus'),
(1777, 25, 7, 0, '86.50', 0, 0, 'Lulus'),
(1778, 26, 7, 0, '86.50', 0, 0, 'Lulus'),
(1779, 27, 7, 0, '88.00', 0, 0, 'Lulus'),
(1780, 28, 7, 0, '91.90', 0, 0, 'Lulus'),
(1781, 29, 7, 0, '83.60', 0, 0, 'Lulus'),
(1782, 30, 7, 0, '88.60', 0, 0, 'Lulus'),
(1783, 31, 7, 0, '84.00', 0, 0, 'Lulus'),
(1784, 32, 7, 0, '89.20', 0, 0, 'Lulus'),
(1785, 33, 7, 0, '86.50', 0, 0, 'Lulus'),
(1786, 34, 7, 0, '86.50', 0, 0, 'Lulus'),
(1787, 35, 7, 0, '88.00', 0, 0, 'Lulus'),
(1788, 36, 7, 0, '89.80', 0, 0, 'Lulus'),
(1789, 37, 7, 0, '89.10', 0, 0, 'Lulus'),
(1790, 38, 7, 0, '87.30', 0, 0, 'Lulus'),
(1791, 39, 7, 0, '85.40', 0, 0, 'Lulus'),
(1792, 40, 7, 0, '89.60', 0, 0, 'Lulus'),
(1793, 41, 7, 0, '86.40', 0, 0, 'Lulus'),
(1794, 42, 7, 0, '88.80', 0, 0, 'Lulus'),
(1795, 43, 7, 0, '88.80', 0, 0, 'Lulus'),
(1796, 44, 7, 0, '87.60', 0, 0, 'Lulus'),
(1797, 45, 7, 0, '87.30', 0, 0, 'Lulus'),
(1798, 46, 7, 0, '89.30', 0, 0, 'Lulus'),
(1799, 47, 7, 0, '87.80', 0, 0, 'Lulus'),
(1800, 48, 7, 0, '86.40', 0, 0, 'Lulus'),
(1801, 49, 7, 0, '88.30', 0, 0, 'Lulus'),
(1802, 50, 7, 0, '83.40', 0, 0, 'Lulus'),
(1803, 51, 7, 0, '87.80', 0, 0, 'Lulus'),
(1804, 52, 7, 0, '85.40', 0, 0, 'Lulus'),
(1805, 53, 7, 0, '87.10', 0, 0, 'Lulus'),
(1806, 54, 7, 0, '89.30', 0, 0, 'Lulus'),
(1807, 55, 7, 0, '87.90', 0, 0, 'Lulus'),
(1808, 56, 7, 0, '87.30', 0, 0, 'Lulus'),
(1809, 57, 7, 0, '89.70', 0, 0, 'Lulus'),
(1810, 58, 7, 0, '88.80', 0, 0, 'Lulus'),
(1811, 59, 7, 0, '87.80', 0, 0, 'Lulus'),
(1812, 60, 7, 0, '87.30', 0, 0, 'Lulus'),
(1813, 61, 7, 0, '88.80', 0, 0, 'Lulus'),
(1814, 62, 7, 0, '89.60', 0, 0, 'Lulus'),
(1815, 63, 7, 0, '88.30', 0, 0, 'Lulus'),
(1816, 64, 7, 0, '88.80', 0, 0, 'Lulus'),
(1817, 65, 7, 0, '81.70', 0, 0, 'Lulus'),
(1818, 66, 7, 0, '87.30', 0, 0, 'Lulus'),
(1819, 67, 7, 0, '89.10', 0, 0, 'Lulus'),
(1820, 68, 7, 0, '89.30', 0, 0, 'Lulus'),
(1821, 69, 7, 0, '90.70', 0, 0, 'Lulus'),
(1822, 70, 7, 0, '89.80', 0, 0, 'Lulus'),
(1823, 71, 7, 0, '90.20', 0, 0, 'Lulus'),
(1824, 72, 7, 0, '86.60', 0, 0, 'Lulus'),
(1825, 73, 7, 0, '76.60', 0, 0, 'Lulus'),
(1826, 74, 7, 0, '92.00', 0, 0, 'Lulus'),
(1827, 75, 7, 0, '87.70', 0, 0, 'Lulus'),
(1828, 76, 7, 0, '90.70', 0, 0, 'Lulus'),
(1829, 77, 7, 0, '90.40', 0, 0, 'Lulus'),
(1830, 78, 7, 0, '85.90', 0, 0, 'Lulus'),
(1831, 79, 7, 0, '91.70', 0, 0, 'Lulus'),
(1832, 80, 7, 0, '80.90', 0, 0, 'Lulus'),
(1833, 81, 7, 0, '90.30', 0, 0, 'Lulus'),
(1834, 82, 7, 0, '89.80', 0, 0, 'Lulus'),
(1835, 83, 7, 0, '84.60', 0, 0, 'Lulus'),
(1836, 84, 7, 0, '90.30', 0, 0, 'Lulus'),
(1837, 85, 7, 0, '80.80', 0, 0, 'Lulus'),
(1838, 86, 7, 0, '80.60', 0, 0, 'Lulus'),
(1839, 87, 7, 0, '86.40', 0, 0, 'Lulus'),
(1840, 88, 7, 0, '88.80', 0, 0, 'Lulus'),
(1841, 89, 7, 0, '88.40', 0, 0, 'Lulus'),
(1842, 90, 7, 0, '86.90', 0, 0, 'Lulus'),
(1843, 91, 7, 0, '90.10', 0, 0, 'Lulus'),
(1844, 92, 7, 0, '89.60', 0, 0, 'Lulus'),
(1845, 93, 7, 0, '86.60', 0, 0, 'Lulus'),
(1846, 94, 7, 0, '90.10', 0, 0, 'Lulus'),
(1847, 95, 7, 0, '76.60', 0, 0, 'Lulus'),
(1848, 96, 7, 0, '83.90', 0, 0, 'Lulus'),
(1849, 97, 7, 0, '87.90', 0, 0, 'Lulus'),
(1850, 98, 7, 0, '92.00', 0, 0, 'Lulus'),
(1851, 99, 7, 0, '91.40', 0, 0, 'Lulus'),
(1852, 100, 7, 0, '86.80', 0, 0, 'Lulus'),
(1853, 101, 7, 0, '81.90', 0, 0, 'Lulus'),
(1854, 102, 7, 0, '85.10', 0, 0, 'Lulus'),
(1855, 103, 7, 0, '89.50', 0, 0, 'Lulus'),
(1856, 104, 7, 0, '92.50', 0, 0, 'Lulus'),
(1857, 105, 7, 0, '91.90', 0, 0, 'Lulus'),
(1858, 106, 7, 0, '89.80', 0, 0, 'Lulus'),
(1859, 107, 7, 0, '92.40', 0, 0, 'Lulus'),
(1860, 108, 7, 0, '89.90', 0, 0, 'Lulus'),
(1861, 109, 7, 0, '90.30', 0, 0, 'Lulus'),
(1862, 110, 7, 0, '95.00', 0, 0, 'Lulus'),
(1863, 111, 7, 0, '94.00', 0, 0, 'Lulus'),
(1864, 112, 7, 0, '91.20', 0, 0, 'Lulus'),
(1865, 113, 7, 0, '94.00', 0, 0, 'Lulus'),
(1866, 114, 7, 0, '92.90', 0, 0, 'Lulus'),
(1867, 115, 7, 0, '90.90', 0, 0, 'Lulus'),
(1868, 116, 7, 0, '91.40', 0, 0, 'Lulus'),
(1869, 117, 7, 0, '90.10', 0, 0, 'Lulus'),
(1870, 118, 7, 0, '89.60', 0, 0, 'Lulus'),
(1871, 119, 7, 0, '91.40', 0, 0, 'Lulus'),
(1872, 120, 7, 0, '92.50', 0, 0, 'Lulus'),
(1873, 121, 7, 0, '92.90', 0, 0, 'Lulus'),
(1874, 122, 7, 0, '90.90', 0, 0, 'Lulus'),
(1875, 123, 7, 0, '91.40', 0, 0, 'Lulus'),
(1876, 124, 7, 0, '94.00', 0, 0, 'Lulus'),
(1877, 125, 7, 0, '92.40', 0, 0, 'Lulus'),
(1878, 126, 7, 0, '91.50', 0, 0, 'Lulus'),
(1879, 127, 7, 0, '92.00', 0, 0, 'Lulus'),
(1880, 128, 7, 0, '94.00', 0, 0, 'Lulus'),
(1881, 129, 7, 0, '90.40', 0, 0, 'Lulus'),
(1882, 130, 7, 0, '91.90', 0, 0, 'Lulus'),
(1883, 131, 7, 0, '92.90', 0, 0, 'Lulus'),
(1884, 132, 7, 0, '93.50', 0, 0, 'Lulus'),
(1885, 133, 7, 0, '89.90', 0, 0, 'Lulus'),
(1886, 134, 7, 0, '89.80', 0, 0, 'Lulus'),
(1887, 135, 7, 0, '93.20', 0, 0, 'Lulus'),
(1888, 136, 7, 0, '89.30', 0, 0, 'Lulus'),
(1889, 137, 7, 0, '92.50', 0, 0, 'Lulus'),
(1890, 138, 7, 0, '88.50', 0, 0, 'Lulus'),
(1891, 139, 7, 0, '87.70', 0, 0, 'Lulus'),
(1892, 140, 7, 0, '85.70', 0, 0, 'Lulus'),
(1893, 141, 7, 0, '90.00', 0, 0, 'Lulus'),
(1894, 142, 7, 0, '87.70', 0, 0, 'Lulus'),
(1895, 143, 7, 0, '85.40', 0, 0, 'Lulus'),
(1896, 144, 7, 0, '86.20', 0, 0, 'Lulus'),
(1897, 145, 7, 0, '86.20', 0, 0, 'Lulus'),
(1898, 146, 7, 0, '91.50', 0, 0, 'Lulus'),
(1899, 147, 7, 0, '90.20', 0, 0, 'Lulus'),
(1900, 148, 7, 0, '85.60', 0, 0, 'Lulus'),
(1901, 149, 7, 0, '84.10', 0, 0, 'Lulus'),
(1902, 150, 7, 0, '94.00', 0, 0, 'Lulus'),
(1903, 151, 7, 0, '91.00', 0, 0, 'Lulus'),
(1904, 152, 7, 0, '84.60', 0, 0, 'Lulus'),
(1905, 153, 7, 0, '86.10', 0, 0, 'Lulus'),
(1906, 154, 7, 0, '89.00', 0, 0, 'Lulus'),
(1907, 155, 7, 0, '89.50', 0, 0, 'Lulus'),
(1908, 156, 7, 0, '85.70', 0, 0, 'Lulus'),
(1909, 157, 7, 0, '86.10', 0, 0, 'Lulus'),
(1910, 158, 7, 0, '86.70', 0, 0, 'Lulus'),
(1911, 159, 7, 0, '87.20', 0, 0, 'Lulus'),
(1912, 160, 7, 0, '86.40', 0, 0, 'Lulus'),
(1913, 161, 7, 0, '87.00', 0, 0, 'Lulus'),
(1914, 162, 7, 0, '88.70', 0, 0, 'Lulus'),
(1915, 163, 7, 0, '87.70', 0, 0, 'Lulus'),
(1916, 164, 7, 0, '84.50', 0, 0, 'Lulus'),
(1917, 165, 7, 0, '88.00', 0, 0, 'Lulus'),
(1918, 166, 7, 0, '87.40', 0, 0, 'Lulus'),
(1919, 167, 7, 0, '84.90', 0, 0, 'Lulus'),
(1920, 168, 7, 0, '92.00', 0, 0, 'Lulus'),
(1921, 169, 7, 0, '85.90', 0, 0, 'Lulus'),
(1922, 170, 7, 0, '77.90', 0, 0, 'Lulus'),
(1923, 171, 7, 0, '83.90', 0, 0, 'Lulus'),
(1924, 172, 7, 0, '85.50', 0, 0, 'Lulus'),
(1925, 173, 7, 0, '92.00', 0, 0, 'Lulus'),
(1926, 174, 7, 0, '89.60', 0, 0, 'Lulus'),
(1927, 175, 7, 0, '89.40', 0, 0, 'Lulus'),
(1928, 176, 7, 0, '87.50', 0, 0, 'Lulus'),
(1929, 177, 7, 0, '86.50', 0, 0, 'Lulus'),
(1930, 178, 7, 0, '88.10', 0, 0, 'Lulus'),
(1931, 179, 7, 0, '89.70', 0, 0, 'Lulus'),
(1932, 180, 7, 0, '87.10', 0, 0, 'Lulus'),
(1933, 181, 7, 0, '88.00', 0, 0, 'Lulus'),
(1934, 182, 7, 0, '89.10', 0, 0, 'Lulus'),
(1935, 183, 7, 0, '90.20', 0, 0, 'Lulus'),
(1936, 184, 7, 0, '92.00', 0, 0, 'Lulus'),
(1937, 185, 7, 0, '89.90', 0, 0, 'Lulus'),
(1938, 186, 7, 0, '90.90', 0, 0, 'Lulus'),
(1939, 187, 7, 0, '90.50', 0, 0, 'Lulus'),
(1940, 188, 7, 0, '89.70', 0, 0, 'Lulus'),
(1941, 189, 7, 0, '89.60', 0, 0, 'Lulus'),
(1942, 190, 7, 0, '90.20', 0, 0, 'Lulus'),
(1943, 191, 7, 0, '88.50', 0, 0, 'Lulus'),
(1944, 192, 7, 0, '92.50', 0, 0, 'Lulus'),
(1945, 193, 7, 0, '87.00', 0, 0, 'Lulus'),
(1946, 194, 7, 0, '89.70', 0, 0, 'Lulus'),
(1947, 195, 7, 0, '92.20', 0, 0, 'Lulus'),
(1948, 196, 7, 0, '77.90', 0, 0, 'Lulus'),
(1949, 197, 7, 0, '88.60', 0, 0, 'Lulus'),
(1950, 198, 7, 0, '70.00', 0, 0, 'Lulus'),
(1951, 199, 7, 0, '89.10', 0, 0, 'Lulus'),
(1952, 200, 7, 0, '79.90', 0, 0, 'Lulus'),
(1953, 201, 7, 0, '84.00', 0, 0, 'Lulus'),
(1954, 202, 7, 0, '89.10', 0, 0, 'Lulus'),
(1955, 203, 7, 0, '86.60', 0, 0, 'Lulus'),
(1956, 204, 7, 0, '88.50', 0, 0, 'Lulus'),
(1957, 205, 7, 0, '89.10', 0, 0, 'Lulus'),
(1958, 206, 7, 0, '75.80', 0, 0, 'Lulus'),
(1959, 207, 7, 0, '85.60', 0, 0, 'Lulus'),
(1960, 208, 7, 0, '77.30', 0, 0, 'Lulus'),
(1961, 209, 7, 0, '72.00', 0, 0, 'Lulus'),
(1962, 210, 7, 0, '80.90', 0, 0, 'Lulus'),
(1963, 211, 7, 0, '78.90', 0, 0, 'Lulus'),
(1964, 212, 7, 0, '81.00', 0, 0, 'Lulus'),
(1965, 213, 7, 0, '88.50', 0, 0, 'Lulus'),
(1966, 214, 7, 0, '85.00', 0, 0, 'Lulus'),
(1967, 215, 7, 0, '74.50', 0, 0, 'Lulus'),
(1968, 216, 7, 0, '76.80', 0, 0, 'Lulus'),
(1969, 217, 7, 0, '75.00', 0, 0, 'Lulus'),
(1970, 218, 7, 0, '77.30', 0, 0, 'Lulus'),
(1971, 219, 7, 0, '82.50', 0, 0, 'Lulus'),
(1972, 220, 7, 0, '78.50', 0, 0, 'Lulus'),
(1973, 221, 7, 0, '89.10', 0, 0, 'Lulus'),
(1974, 222, 7, 0, '74.00', 0, 0, 'Lulus'),
(1975, 223, 7, 0, '89.60', 0, 0, 'Lulus'),
(1976, 224, 7, 0, '89.60', 0, 0, 'Lulus'),
(1977, 225, 7, 0, '79.40', 0, 0, 'Lulus'),
(1978, 226, 7, 0, '77.00', 0, 0, 'Lulus'),
(1979, 227, 7, 0, '78.30', 0, 0, 'Lulus'),
(1980, 228, 7, 0, '83.90', 0, 0, 'Lulus'),
(1981, 229, 7, 0, '82.90', 0, 0, 'Lulus'),
(1982, 230, 7, 0, '75.90', 0, 0, 'Lulus'),
(1983, 231, 7, 0, '80.10', 0, 0, 'Lulus'),
(1984, 232, 7, 0, '79.10', 0, 0, 'Lulus'),
(1985, 233, 7, 0, '88.50', 0, 0, 'Lulus'),
(1986, 234, 7, 0, '81.10', 0, 0, 'Lulus'),
(1987, 235, 7, 0, '88.50', 0, 0, 'Lulus'),
(1988, 236, 7, 0, '86.60', 0, 0, 'Lulus'),
(1989, 237, 7, 0, '85.10', 0, 0, 'Lulus'),
(1990, 238, 7, 0, '85.10', 0, 0, 'Lulus'),
(1991, 239, 7, 0, '79.40', 0, 0, 'Lulus'),
(1992, 240, 7, 0, '85.60', 0, 0, 'Lulus'),
(1993, 241, 7, 0, '80.90', 0, 0, 'Lulus'),
(1994, 242, 7, 0, '87.50', 0, 0, 'Lulus'),
(1995, 243, 7, 0, '88.50', 0, 0, 'Lulus'),
(1996, 244, 7, 0, '89.00', 0, 0, 'Lulus'),
(1997, 245, 7, 0, '78.20', 0, 0, 'Lulus'),
(1998, 246, 7, 0, '83.30', 0, 0, 'Lulus'),
(1999, 247, 7, 0, '82.30', 0, 0, 'Lulus'),
(2000, 248, 7, 0, '90.70', 0, 0, 'Lulus'),
(2001, 249, 7, 0, '79.60', 0, 0, 'Lulus'),
(2002, 250, 7, 0, '81.80', 0, 0, 'Lulus'),
(2003, 251, 7, 0, '84.30', 0, 0, 'Lulus'),
(2004, 252, 7, 0, '72.90', 0, 0, 'Lulus'),
(2005, 253, 7, 0, '83.05', 0, 0, 'Lulus'),
(2006, 254, 7, 0, '80.90', 0, 0, 'Lulus'),
(2007, 255, 7, 0, '83.80', 0, 0, 'Lulus'),
(2008, 256, 7, 0, '81.10', 0, 0, 'Lulus'),
(2009, 257, 7, 0, '74.90', 0, 0, 'Lulus'),
(2010, 258, 7, 0, '91.50', 0, 0, 'Lulus'),
(2011, 259, 7, 0, '81.10', 0, 0, 'Lulus'),
(2012, 260, 7, 0, '83.50', 0, 0, 'Lulus'),
(2013, 261, 7, 0, '84.00', 0, 0, 'Lulus'),
(2014, 262, 7, 0, '80.90', 0, 0, 'Lulus'),
(2015, 263, 7, 0, '85.70', 0, 0, 'Lulus'),
(2016, 264, 7, 0, '85.30', 0, 0, 'Lulus'),
(2017, 265, 7, 0, '88.00', 0, 0, 'Lulus'),
(2018, 266, 7, 0, '76.80', 0, 0, 'Lulus'),
(2019, 267, 7, 0, '87.20', 0, 0, 'Lulus'),
(2020, 268, 7, 0, '81.40', 0, 0, 'Lulus'),
(2021, 269, 7, 0, '83.80', 0, 0, 'Lulus'),
(2022, 270, 7, 0, '84.60', 0, 0, 'Lulus'),
(2023, 271, 7, 0, '88.30', 0, 0, 'Lulus'),
(2024, 272, 7, 0, '86.20', 0, 0, 'Lulus'),
(2025, 273, 7, 0, '85.30', 0, 0, 'Lulus'),
(2026, 274, 7, 0, '86.10', 0, 0, 'Lulus'),
(2027, 275, 7, 0, '83.50', 0, 0, 'Lulus'),
(2028, 276, 7, 0, '89.70', 0, 0, 'Lulus'),
(2029, 277, 7, 0, '83.50', 0, 0, 'Lulus'),
(2030, 278, 7, 0, '84.80', 0, 0, 'Lulus'),
(2031, 279, 7, 0, '90.20', 0, 0, 'Lulus'),
(2032, 280, 7, 0, '81.40', 0, 0, 'Lulus'),
(2033, 281, 7, 0, '86.80', 0, 0, 'Lulus'),
(2034, 282, 7, 0, '85.60', 0, 0, 'Lulus'),
(2035, 283, 7, 0, '84.10', 0, 0, 'Lulus'),
(2036, 284, 7, 0, '84.30', 0, 0, 'Lulus'),
(2037, 285, 7, 0, '90.70', 0, 0, 'Lulus'),
(2038, 286, 7, 0, '79.85', 0, 0, 'Lulus'),
(2039, 287, 7, 0, '87.30', 0, 0, 'Lulus'),
(2040, 288, 7, 0, '92.20', 0, 0, 'Lulus'),
(2041, 289, 7, 0, '91.70', 0, 0, 'Lulus'),
(2042, 290, 7, 0, '86.80', 0, 0, 'Lulus'),
(2043, 291, 7, 0, '83.00', 0, 0, 'Lulus'),
(2044, 292, 7, 0, '87.70', 0, 0, 'Lulus'),
(2045, 1, 8, 52.5, '84.10', 92, 78, 'Lulus'),
(2046, 2, 8, 0, '84.60', 0, 29.333333333333, 'Lulus'),
(2047, 3, 8, 0, '82.50', 0, 29.766666666667, 'Lulus'),
(2048, 4, 8, 0, '81.50', 0, 28.066666666667, 'Lulus'),
(2049, 5, 8, 0, '74.50', 0, 29.766666666667, 'Lulus'),
(2050, 6, 8, 0, '81.00', 0, 29, 'Lulus'),
(2051, 7, 8, 0, '83.10', 0, 30.133333333333, 'Lulus'),
(2052, 8, 8, 0, '85.10', 0, 30, 'Lulus'),
(2053, 9, 8, 0, '86.10', 0, 28.633333333333, 'Lulus'),
(2054, 10, 8, 0, '86.00', 0, 30.066666666667, 'Lulus'),
(2055, 11, 8, 0, '84.50', 0, 0, 'Lulus'),
(2056, 12, 8, 0, '80.50', 0, 0, 'Lulus'),
(2057, 13, 8, 0, '86.10', 0, 0, 'Lulus'),
(2058, 14, 8, 0, '83.00', 0, 0, 'Lulus'),
(2059, 15, 8, 0, '83.00', 0, 0, 'Lulus'),
(2060, 16, 8, 0, '86.10', 0, 0, 'Lulus'),
(2061, 17, 8, 0, '86.10', 0, 0, 'Lulus'),
(2062, 18, 8, 0, '85.40', 0, 0, 'Lulus'),
(2063, 19, 8, 0, '81.00', 0, 0, 'Lulus'),
(2064, 20, 8, 0, '83.10', 0, 0, 'Lulus'),
(2065, 21, 8, 0, '82.50', 0, 0, 'Lulus'),
(2066, 22, 8, 0, '86.60', 0, 0, 'Lulus'),
(2067, 23, 8, 0, '83.40', 0, 0, 'Lulus'),
(2068, 24, 8, 0, '83.90', 0, 0, 'Lulus'),
(2069, 25, 8, 0, '80.50', 0, 0, 'Lulus'),
(2070, 26, 8, 0, '83.00', 0, 0, 'Lulus'),
(2071, 27, 8, 0, '85.00', 0, 0, 'Lulus'),
(2072, 28, 8, 0, '84.90', 0, 0, 'Lulus'),
(2073, 29, 8, 0, '83.60', 0, 0, 'Lulus'),
(2074, 30, 8, 0, '85.60', 0, 0, 'Lulus'),
(2075, 31, 8, 0, '84.50', 0, 0, 'Lulus'),
(2076, 32, 8, 0, '85.20', 0, 0, 'Lulus'),
(2077, 33, 8, 0, '84.00', 0, 0, 'Lulus'),
(2078, 34, 8, 0, '85.00', 0, 0, 'Lulus'),
(2079, 35, 8, 0, '84.50', 0, 0, 'Lulus'),
(2080, 36, 8, 0, '83.30', 0, 0, 'Lulus'),
(2081, 37, 8, 0, '83.60', 0, 0, 'Lulus'),
(2082, 38, 8, 0, '82.30', 0, 0, 'Lulus'),
(2083, 39, 8, 0, '82.40', 0, 0, 'Lulus'),
(2084, 40, 8, 0, '85.60', 0, 0, 'Lulus'),
(2085, 41, 8, 0, '80.40', 0, 0, 'Lulus'),
(2086, 42, 8, 0, '84.80', 0, 0, 'Lulus'),
(2087, 43, 8, 0, '84.30', 0, 0, 'Lulus'),
(2088, 44, 8, 0, '82.60', 0, 0, 'Lulus'),
(2089, 45, 8, 0, '82.80', 0, 0, 'Lulus'),
(2090, 46, 8, 0, '82.80', 0, 0, 'Lulus'),
(2091, 47, 8, 0, '83.30', 0, 0, 'Lulus'),
(2092, 48, 8, 0, '82.40', 0, 0, 'Lulus'),
(2093, 49, 8, 0, '82.30', 0, 0, 'Lulus'),
(2094, 50, 8, 0, '79.40', 0, 0, 'Lulus'),
(2095, 51, 8, 0, '84.30', 0, 0, 'Lulus'),
(2096, 52, 8, 0, '79.90', 0, 0, 'Lulus'),
(2097, 53, 8, 0, '84.10', 0, 0, 'Lulus'),
(2098, 54, 8, 0, '80.80', 0, 0, 'Lulus'),
(2099, 55, 8, 0, '80.40', 0, 0, 'Lulus'),
(2100, 56, 8, 0, '83.80', 0, 0, 'Lulus'),
(2101, 57, 8, 0, '84.20', 0, 0, 'Lulus'),
(2102, 58, 8, 0, '84.20', 0, 0, 'Lulus'),
(2103, 59, 8, 0, '80.80', 0, 0, 'Lulus'),
(2104, 60, 8, 0, '83.20', 0, 0, 'Lulus'),
(2105, 61, 8, 0, '82.80', 0, 0, 'Lulus'),
(2106, 62, 8, 0, '81.60', 0, 0, 'Lulus'),
(2107, 63, 8, 0, '85.80', 0, 0, 'Lulus'),
(2108, 64, 8, 0, '81.20', 0, 0, 'Lulus'),
(2109, 65, 8, 0, '76.20', 0, 0, 'Lulus'),
(2110, 66, 8, 0, '81.20', 0, 0, 'Lulus'),
(2111, 67, 8, 0, '82.60', 0, 0, 'Lulus'),
(2112, 68, 8, 0, '84.80', 0, 0, 'Lulus'),
(2113, 69, 8, 0, '86.20', 0, 0, 'Lulus'),
(2114, 70, 8, 0, '83.80', 0, 0, 'Lulus'),
(2115, 71, 8, 0, '87.70', 0, 0, 'Lulus'),
(2116, 72, 8, 0, '84.60', 0, 0, 'Lulus'),
(2117, 73, 8, 0, '80.60', 0, 0, 'Lulus'),
(2118, 74, 8, 0, '88.00', 0, 0, 'Lulus'),
(2119, 75, 8, 0, '82.20', 0, 0, 'Lulus'),
(2120, 76, 8, 0, '87.20', 0, 0, 'Lulus'),
(2121, 77, 8, 0, '87.40', 0, 0, 'Lulus'),
(2122, 78, 8, 0, '83.40', 0, 0, 'Lulus'),
(2123, 79, 8, 0, '84.70', 0, 0, 'Lulus'),
(2124, 80, 8, 0, '73.90', 0, 0, 'Lulus'),
(2125, 81, 8, 0, '82.80', 0, 0, 'Lulus'),
(2126, 82, 8, 0, '82.80', 0, 0, 'Lulus'),
(2127, 83, 8, 0, '78.60', 0, 0, 'Lulus'),
(2128, 84, 8, 0, '84.30', 0, 0, 'Lulus'),
(2129, 85, 8, 0, '79.80', 0, 0, 'Lulus'),
(2130, 86, 8, 0, '79.10', 0, 0, 'Lulus'),
(2131, 87, 8, 0, '81.40', 0, 0, 'Lulus'),
(2132, 88, 8, 0, '84.30', 0, 0, 'Lulus'),
(2133, 89, 8, 0, '82.40', 0, 0, 'Lulus'),
(2134, 90, 8, 0, '82.90', 0, 0, 'Lulus'),
(2135, 91, 8, 0, '84.60', 0, 0, 'Lulus'),
(2136, 92, 8, 0, '83.10', 0, 0, 'Lulus'),
(2137, 93, 8, 0, '80.60', 0, 0, 'Lulus'),
(2138, 94, 8, 0, '84.60', 0, 0, 'Lulus'),
(2139, 95, 8, 0, '78.60', 0, 0, 'Lulus'),
(2140, 96, 8, 0, '82.90', 0, 0, 'Lulus'),
(2141, 97, 8, 0, '80.90', 0, 0, 'Lulus'),
(2142, 98, 8, 0, '88.00', 0, 0, 'Lulus'),
(2143, 99, 8, 0, '84.40', 0, 0, 'Lulus'),
(2144, 100, 8, 0, '81.80', 0, 0, 'Lulus'),
(2145, 101, 8, 0, '78.90', 0, 0, 'Lulus'),
(2146, 102, 8, 0, '80.60', 0, 0, 'Lulus'),
(2147, 103, 8, 0, '83.00', 0, 0, 'Lulus'),
(2148, 104, 8, 0, '86.00', 0, 0, 'Lulus'),
(2149, 105, 8, 0, '85.90', 0, 0, 'Lulus'),
(2150, 106, 8, 0, '83.30', 0, 0, 'Lulus'),
(2151, 107, 8, 0, '84.90', 0, 0, 'Lulus'),
(2152, 108, 8, 0, '84.40', 0, 0, 'Lulus'),
(2153, 109, 8, 0, '84.80', 0, 0, 'Lulus'),
(2154, 110, 8, 0, '85.50', 0, 0, 'Lulus'),
(2155, 111, 8, 0, '86.00', 0, 0, 'Lulus'),
(2156, 112, 8, 0, '82.70', 0, 0, 'Lulus'),
(2157, 113, 8, 0, '85.00', 0, 0, 'Lulus'),
(2158, 114, 8, 0, '85.90', 0, 0, 'Lulus'),
(2159, 115, 8, 0, '84.90', 0, 0, 'Lulus'),
(2160, 116, 8, 0, '83.90', 0, 0, 'Lulus'),
(2161, 117, 8, 0, '82.60', 0, 0, 'Lulus'),
(2162, 118, 8, 0, '84.60', 0, 0, 'Lulus'),
(2163, 119, 8, 0, '85.90', 0, 0, 'Lulus'),
(2164, 120, 8, 0, '84.00', 0, 0, 'Lulus'),
(2165, 121, 8, 0, '86.40', 0, 0, 'Lulus'),
(2166, 122, 8, 0, '86.40', 0, 0, 'Lulus'),
(2167, 123, 8, 0, '84.40', 0, 0, 'Lulus'),
(2168, 124, 8, 0, '87.00', 0, 0, 'Lulus'),
(2169, 125, 8, 0, '85.40', 0, 0, 'Lulus'),
(2170, 126, 8, 0, '84.00', 0, 0, 'Lulus'),
(2171, 127, 8, 0, '87.00', 0, 0, 'Lulus'),
(2172, 128, 8, 0, '86.50', 0, 0, 'Lulus'),
(2173, 129, 8, 0, '86.40', 0, 0, 'Lulus'),
(2174, 130, 8, 0, '84.90', 0, 0, 'Lulus'),
(2175, 131, 8, 0, '84.90', 0, 0, 'Lulus'),
(2176, 132, 8, 0, '84.50', 0, 0, 'Lulus'),
(2177, 133, 8, 0, '85.40', 0, 0, 'Lulus'),
(2178, 134, 8, 0, '84.30', 0, 0, 'Lulus'),
(2179, 135, 8, 0, '87.70', 0, 0, 'Lulus'),
(2180, 136, 8, 0, '84.30', 0, 0, 'Lulus'),
(2181, 137, 8, 0, '86.50', 0, 0, 'Lulus'),
(2182, 138, 8, 0, '76.50', 0, 0, 'Lulus'),
(2183, 139, 8, 0, '83.20', 0, 0, 'Lulus'),
(2184, 140, 8, 0, '84.20', 0, 0, 'Lulus'),
(2185, 141, 8, 0, '89.50', 0, 0, 'Lulus'),
(2186, 142, 8, 0, '81.20', 0, 0, 'Lulus'),
(2187, 143, 8, 0, '83.40', 0, 0, 'Lulus'),
(2188, 144, 8, 0, '79.70', 0, 0, 'Lulus'),
(2189, 145, 8, 0, '84.20', 0, 0, 'Lulus'),
(2190, 146, 8, 0, '89.00', 0, 0, 'Lulus'),
(2191, 147, 8, 0, '88.20', 0, 0, 'Lulus'),
(2192, 148, 8, 0, '79.10', 0, 0, 'Lulus'),
(2193, 149, 8, 0, '79.60', 0, 0, 'Lulus'),
(2194, 150, 8, 0, '87.00', 0, 0, 'Lulus'),
(2195, 151, 8, 0, '86.00', 0, 0, 'Lulus'),
(2196, 152, 8, 0, '79.60', 0, 0, 'Lulus'),
(2197, 153, 8, 0, '76.60', 0, 0, 'Lulus'),
(2198, 154, 8, 0, '77.00', 0, 0, 'Lulus'),
(2199, 155, 8, 0, '80.00', 0, 0, 'Lulus'),
(2200, 156, 8, 0, '84.20', 0, 0, 'Lulus'),
(2201, 157, 8, 0, '79.10', 0, 0, 'Lulus'),
(2202, 158, 8, 0, '82.70', 0, 0, 'Lulus'),
(2203, 159, 8, 0, '79.20', 0, 0, 'Lulus'),
(2204, 160, 8, 0, '80.40', 0, 0, 'Lulus'),
(2205, 161, 8, 0, '80.00', 0, 0, 'Lulus'),
(2206, 162, 8, 0, '80.20', 0, 0, 'Lulus'),
(2207, 163, 8, 0, '80.70', 0, 0, 'Lulus'),
(2208, 164, 8, 0, '84.50', 0, 0, 'Lulus'),
(2209, 165, 8, 0, '80.50', 0, 0, 'Lulus'),
(2210, 166, 8, 0, '81.40', 0, 0, 'Lulus'),
(2211, 167, 8, 0, '77.90', 0, 0, 'Lulus'),
(2212, 168, 8, 0, '87.00', 0, 0, 'Lulus'),
(2213, 169, 8, 0, '82.40', 0, 0, 'Lulus'),
(2214, 170, 8, 0, '78.40', 0, 0, 'Lulus'),
(2215, 171, 8, 0, '80.90', 0, 0, 'Lulus'),
(2216, 172, 8, 0, '84.50', 0, 0, 'Lulus'),
(2217, 173, 8, 0, '88.00', 0, 0, 'Lulus'),
(2218, 174, 8, 0, '88.60', 0, 0, 'Lulus'),
(2219, 175, 8, 0, '87.90', 0, 0, 'Lulus'),
(2220, 176, 8, 0, '84.00', 0, 0, 'Lulus'),
(2221, 177, 8, 0, '79.50', 0, 0, 'Lulus'),
(2222, 178, 8, 0, '85.10', 0, 0, 'Lulus'),
(2223, 179, 8, 0, '78.20', 0, 0, 'Lulus'),
(2224, 180, 8, 0, '83.60', 0, 0, 'Lulus'),
(2225, 181, 8, 0, '87.00', 0, 0, 'Lulus'),
(2226, 182, 8, 0, '85.60', 0, 0, 'Lulus'),
(2227, 183, 8, 0, '85.20', 0, 0, 'Lulus'),
(2228, 184, 8, 0, '87.50', 0, 0, 'Lulus'),
(2229, 185, 8, 0, '86.90', 0, 0, 'Lulus'),
(2230, 186, 8, 0, '83.90', 0, 0, 'Lulus'),
(2231, 187, 8, 0, '85.50', 0, 0, 'Lulus'),
(2232, 188, 8, 0, '89.20', 0, 0, 'Lulus'),
(2233, 189, 8, 0, '88.60', 0, 0, 'Lulus'),
(2234, 190, 8, 0, '86.70', 0, 0, 'Lulus'),
(2235, 191, 8, 0, '82.00', 0, 0, 'Lulus'),
(2236, 192, 8, 0, '88.50', 0, 0, 'Lulus'),
(2237, 193, 8, 0, '85.00', 0, 0, 'Lulus'),
(2238, 194, 8, 0, '85.70', 0, 0, 'Lulus'),
(2239, 195, 8, 0, '89.70', 0, 0, 'Lulus'),
(2240, 196, 8, 0, '75.90', 0, 0, 'Lulus'),
(2241, 197, 8, 0, '84.10', 0, 0, 'Lulus'),
(2242, 198, 8, 0, '73.50', 0, 0, 'Lulus'),
(2243, 199, 8, 0, '84.10', 0, 0, 'Lulus'),
(2244, 200, 8, 0, '76.40', 0, 0, 'Lulus'),
(2245, 201, 8, 0, '81.00', 0, 0, 'Lulus'),
(2246, 202, 8, 0, '84.10', 0, 0, 'Lulus'),
(2247, 203, 8, 0, '83.10', 0, 0, 'Lulus'),
(2248, 204, 8, 0, '81.50', 0, 0, 'Lulus'),
(2249, 205, 8, 0, '84.10', 0, 0, 'Lulus'),
(2250, 206, 8, 0, '73.30', 0, 0, 'Lulus'),
(2251, 207, 8, 0, '84.60', 0, 0, 'Lulus'),
(2252, 208, 8, 0, '74.02', 0, 0, 'Lulus'),
(2253, 209, 8, 0, '72.50', 0, 0, 'Lulus'),
(2254, 210, 8, 0, '75.62', 0, 0, 'Lulus'),
(2255, 211, 8, 0, '74.40', 0, 0, 'Lulus'),
(2256, 212, 8, 0, '74.00', 0, 0, 'Lulus'),
(2257, 213, 8, 0, '83.00', 0, 0, 'Lulus'),
(2258, 214, 8, 0, '80.00', 0, 0, 'Lulus'),
(2259, 215, 8, 0, '73.00', 0, 0, 'Lulus'),
(2260, 216, 8, 0, '76.30', 0, 0, 'Lulus'),
(2261, 217, 8, 0, '73.50', 0, 0, 'Lulus'),
(2262, 218, 8, 0, '75.30', 0, 0, 'Lulus'),
(2263, 219, 8, 0, '76.50', 0, 0, 'Lulus'),
(2264, 220, 8, 0, '80.50', 0, 0, 'Lulus'),
(2265, 221, 8, 0, '84.60', 0, 0, 'Lulus'),
(2266, 222, 8, 0, '78.50', 0, 0, 'Lulus'),
(2267, 223, 8, 0, '85.60', 0, 0, 'Lulus'),
(2268, 224, 8, 0, '84.60', 0, 0, 'Lulus'),
(2269, 225, 8, 0, '74.40', 0, 0, 'Lulus'),
(2270, 226, 8, 0, '70.50', 0, 0, 'Lulus'),
(2271, 227, 8, 0, '71.80', 0, 0, 'Lulus'),
(2272, 228, 8, 0, '82.90', 0, 0, 'Lulus'),
(2273, 229, 8, 0, '74.40', 0, 0, 'Lulus'),
(2274, 230, 8, 0, '74.40', 0, 0, 'Lulus'),
(2275, 231, 8, 0, '73.60', 0, 0, 'Lulus'),
(2276, 232, 8, 0, '75.60', 0, 0, 'Lulus'),
(2277, 233, 8, 0, '83.00', 0, 0, 'Lulus'),
(2278, 234, 8, 0, '79.10', 0, 0, 'Lulus'),
(2279, 235, 8, 0, '84.50', 0, 0, 'Lulus'),
(2280, 236, 8, 0, '79.60', 0, 0, 'Lulus'),
(2281, 237, 8, 0, '82.10', 0, 0, 'Lulus'),
(2282, 238, 8, 0, '77.60', 0, 0, 'Lulus'),
(2283, 239, 8, 0, '79.40', 0, 0, 'Lulus'),
(2284, 240, 8, 0, '82.60', 0, 0, 'Lulus'),
(2285, 241, 8, 0, '79.90', 0, 0, 'Lulus'),
(2286, 242, 8, 0, '86.00', 0, 0, 'Lulus'),
(2287, 243, 8, 0, '84.00', 0, 0, 'Lulus'),
(2288, 244, 8, 0, '83.00', 0, 0, 'Lulus'),
(2289, 245, 8, 0, '78.20', 0, 0, 'Lulus'),
(2290, 246, 8, 0, '78.80', 0, 0, 'Lulus'),
(2291, 247, 8, 0, '79.80', 0, 0, 'Lulus'),
(2292, 248, 8, 0, '87.20', 0, 0, 'Lulus'),
(2293, 249, 8, 0, '78.10', 0, 0, 'Lulus'),
(2294, 250, 8, 0, '79.80', 0, 0, 'Lulus'),
(2295, 251, 8, 0, '82.30', 0, 0, 'Lulus'),
(2296, 252, 8, 0, '72.90', 0, 0, 'Lulus'),
(2297, 253, 8, 0, '81.10', 0, 0, 'Lulus'),
(2298, 254, 8, 0, '78.40', 0, 0, 'Lulus'),
(2299, 255, 8, 0, '79.80', 0, 0, 'Lulus'),
(2300, 256, 8, 0, '74.10', 0, 0, 'Lulus'),
(2301, 257, 8, 0, '76.90', 0, 0, 'Lulus'),
(2302, 258, 8, 0, '89.00', 0, 0, 'Lulus'),
(2303, 259, 8, 0, '77.10', 0, 0, 'Lulus'),
(2304, 260, 8, 0, '76.50', 0, 0, 'Lulus'),
(2305, 261, 8, 0, '77.00', 0, 0, 'Lulus'),
(2306, 262, 8, 0, '75.40', 0, 0, 'Lulus'),
(2307, 263, 8, 0, '81.20', 0, 0, 'Lulus'),
(2308, 264, 8, 0, '78.80', 0, 0, 'Lulus'),
(2309, 265, 8, 0, '82.00', 0, 0, 'Lulus'),
(2310, 266, 8, 0, '75.30', 0, 0, 'Lulus'),
(2311, 267, 8, 0, '80.70', 0, 0, 'Lulus'),
(2312, 268, 8, 0, '74.90', 0, 0, 'Lulus'),
(2313, 269, 8, 0, '77.30', 0, 0, 'Lulus'),
(2314, 270, 8, 0, '79.10', 0, 0, 'Lulus'),
(2315, 271, 8, 0, '81.80', 0, 0, 'Lulus'),
(2316, 272, 8, 0, '80.70', 0, 0, 'Lulus'),
(2317, 273, 8, 0, '77.80', 0, 0, 'Lulus'),
(2318, 274, 8, 0, '78.10', 0, 0, 'Lulus'),
(2319, 275, 8, 0, '77.50', 0, 0, 'Lulus'),
(2320, 276, 8, 0, '86.70', 0, 0, 'Lulus'),
(2321, 277, 8, 0, '78.00', 0, 0, 'Lulus'),
(2322, 278, 8, 0, '78.30', 0, 0, 'Lulus'),
(2323, 279, 8, 0, '86.70', 0, 0, 'Lulus'),
(2324, 280, 8, 0, '70.90', 0, 0, 'Lulus'),
(2325, 281, 8, 0, '80.80', 0, 0, 'Lulus'),
(2326, 282, 8, 0, '78.60', 0, 0, 'Lulus'),
(2327, 283, 8, 0, '79.10', 0, 0, 'Lulus'),
(2328, 284, 8, 0, '77.80', 0, 0, 'Lulus'),
(2329, 285, 8, 0, '83.20', 0, 0, 'Lulus'),
(2330, 286, 8, 0, '75.90', 0, 0, 'Lulus'),
(2331, 287, 8, 0, '82.30', 0, 0, 'Lulus'),
(2332, 288, 8, 0, '82.70', 0, 0, 'Lulus'),
(2333, 289, 8, 0, '84.20', 0, 0, 'Lulus'),
(2334, 290, 8, 0, '81.30', 0, 0, 'Lulus'),
(2335, 291, 8, 0, '78.00', 0, 0, 'Lulus'),
(2336, 292, 8, 0, '78.70', 0, 0, 'Lulus'),
(2337, 1, 9, 57.5, '85.10', 92, 79.5, 'Lulus'),
(2338, 2, 9, 0, '92.10', 0, 30.466666666667, 'Lulus'),
(2339, 3, 9, 0, '88.50', 0, 29.266666666667, 'Lulus'),
(2340, 4, 9, 0, '89.50', 0, 29.933333333333, 'Lulus'),
(2341, 5, 9, 0, '79.50', 0, 28.433333333333, 'Lulus'),
(2342, 6, 9, 0, '90.50', 0, 29.833333333333, 'Lulus'),
(2343, 7, 9, 0, '92.60', 0, 30.3, 'Lulus'),
(2344, 8, 9, 0, '92.10', 0, 28.733333333333, 'Lulus'),
(2345, 9, 9, 0, '91.60', 0, 29.333333333333, 'Lulus'),
(2346, 10, 9, 0, '90.00', 0, 30.366666666667, 'Lulus'),
(2347, 11, 9, 0, '89.00', 0, 0, 'Lulus'),
(2348, 12, 9, 0, '89.50', 0, 0, 'Lulus'),
(2349, 13, 9, 0, '89.60', 0, 0, 'Lulus'),
(2350, 14, 9, 0, '89.50', 0, 0, 'Lulus'),
(2351, 15, 9, 0, '90.00', 0, 0, 'Lulus'),
(2352, 16, 9, 0, '91.10', 0, 0, 'Lulus'),
(2353, 17, 9, 0, '91.60', 0, 0, 'Lulus'),
(2354, 18, 9, 0, '91.90', 0, 0, 'Lulus'),
(2355, 19, 9, 0, '89.00', 0, 0, 'Lulus'),
(2356, 20, 9, 0, '91.60', 0, 0, 'Lulus'),
(2357, 21, 9, 0, '90.00', 0, 0, 'Lulus'),
(2358, 22, 9, 0, '90.60', 0, 0, 'Lulus'),
(2359, 23, 9, 0, '91.90', 0, 0, 'Lulus'),
(2360, 24, 9, 0, '91.90', 0, 0, 'Lulus'),
(2361, 25, 9, 0, '90.00', 0, 0, 'Lulus'),
(2362, 26, 9, 0, '89.50', 0, 0, 'Lulus'),
(2363, 27, 9, 0, '89.50', 0, 0, 'Lulus'),
(2364, 28, 9, 0, '92.40', 0, 0, 'Lulus'),
(2365, 29, 9, 0, '91.60', 0, 0, 'Lulus'),
(2366, 30, 9, 0, '91.60', 0, 0, 'Lulus'),
(2367, 31, 9, 0, '89.00', 0, 0, 'Lulus'),
(2368, 32, 9, 0, '92.20', 0, 0, 'Lulus'),
(2369, 33, 9, 0, '89.50', 0, 0, 'Lulus'),
(2370, 34, 9, 0, '89.00', 0, 0, 'Lulus'),
(2371, 35, 9, 0, '90.00', 0, 0, 'Lulus'),
(2372, 36, 9, 0, '90.80', 0, 0, 'Lulus'),
(2373, 37, 9, 0, '90.10', 0, 0, 'Lulus'),
(2374, 38, 9, 0, '88.30', 0, 0, 'Lulus'),
(2375, 39, 9, 0, '86.90', 0, 0, 'Lulus'),
(2376, 40, 9, 0, '91.10', 0, 0, 'Lulus'),
(2377, 41, 9, 0, '87.90', 0, 0, 'Lulus'),
(2378, 42, 9, 0, '90.30', 0, 0, 'Lulus'),
(2379, 43, 9, 0, '90.80', 0, 0, 'Lulus'),
(2380, 44, 9, 0, '91.10', 0, 0, 'Lulus'),
(2381, 45, 9, 0, '90.30', 0, 0, 'Lulus'),
(2382, 46, 9, 0, '90.80', 0, 0, 'Lulus'),
(2383, 47, 9, 0, '89.30', 0, 0, 'Lulus'),
(2384, 48, 9, 0, '87.40', 0, 0, 'Lulus'),
(2385, 49, 9, 0, '90.30', 0, 0, 'Lulus'),
(2386, 50, 9, 0, '86.90', 0, 0, 'Lulus'),
(2387, 51, 9, 0, '89.80', 0, 0, 'Lulus'),
(2388, 52, 9, 0, '87.90', 0, 0, 'Lulus'),
(2389, 53, 9, 0, '91.10', 0, 0, 'Lulus'),
(2390, 54, 9, 0, '90.80', 0, 0, 'Lulus'),
(2391, 55, 9, 0, '88.40', 0, 0, 'Lulus'),
(2392, 56, 9, 0, '89.80', 0, 0, 'Lulus'),
(2393, 57, 9, 0, '92.70', 0, 0, 'Lulus'),
(2394, 58, 9, 0, '89.80', 0, 0, 'Lulus'),
(2395, 59, 9, 0, '90.30', 0, 0, 'Lulus'),
(2396, 60, 9, 0, '89.80', 0, 0, 'Lulus'),
(2397, 61, 9, 0, '90.30', 0, 0, 'Lulus'),
(2398, 62, 9, 0, '91.10', 0, 0, 'Lulus'),
(2399, 63, 9, 0, '90.30', 0, 0, 'Lulus'),
(2400, 64, 9, 0, '90.80', 0, 0, 'Lulus'),
(2401, 65, 9, 0, '84.20', 0, 0, 'Lulus'),
(2402, 66, 9, 0, '89.80', 0, 0, 'Lulus'),
(2403, 67, 9, 0, '91.10', 0, 0, 'Lulus'),
(2404, 68, 9, 0, '90.30', 0, 0, 'Lulus'),
(2405, 69, 9, 0, '92.70', 0, 0, 'Lulus'),
(2406, 70, 9, 0, '90.80', 0, 0, 'Lulus'),
(2407, 71, 9, 0, '92.70', 0, 0, 'Lulus'),
(2408, 72, 9, 0, '92.10', 0, 0, 'Lulus'),
(2409, 73, 9, 0, '78.10', 0, 0, 'Lulus'),
(2410, 74, 9, 0, '94.00', 0, 0, 'Lulus'),
(2411, 75, 9, 0, '88.70', 0, 0, 'Lulus'),
(2412, 76, 9, 0, '92.70', 0, 0, 'Lulus'),
(2413, 77, 9, 0, '91.90', 0, 0, 'Lulus'),
(2414, 78, 9, 0, '87.90', 0, 0, 'Lulus'),
(2415, 79, 9, 0, '93.20', 0, 0, 'Lulus'),
(2416, 80, 9, 0, '85.90', 0, 0, 'Lulus'),
(2417, 81, 9, 0, '90.30', 0, 0, 'Lulus'),
(2418, 82, 9, 0, '90.80', 0, 0, 'Lulus'),
(2419, 83, 9, 0, '86.60', 0, 0, 'Lulus'),
(2420, 84, 9, 0, '90.30', 0, 0, 'Lulus'),
(2421, 85, 9, 0, '90.80', 0, 0, 'Lulus'),
(2422, 86, 9, 0, '87.60', 0, 0, 'Lulus'),
(2423, 87, 9, 0, '87.90', 0, 0, 'Lulus'),
(2424, 88, 9, 0, '90.30', 0, 0, 'Lulus'),
(2425, 89, 9, 0, '87.90', 0, 0, 'Lulus'),
(2426, 90, 9, 0, '86.90', 0, 0, 'Lulus'),
(2427, 91, 9, 0, '90.60', 0, 0, 'Lulus'),
(2428, 92, 9, 0, '91.60', 0, 0, 'Lulus'),
(2429, 93, 9, 0, '87.10', 0, 0, 'Lulus'),
(2430, 94, 9, 0, '91.60', 0, 0, 'Lulus'),
(2431, 95, 9, 0, '86.60', 0, 0, 'Lulus'),
(2432, 96, 9, 0, '87.90', 0, 0, 'Lulus'),
(2433, 97, 9, 0, '88.40', 0, 0, 'Lulus'),
(2434, 98, 9, 0, '94.00', 0, 0, 'Lulus'),
(2435, 99, 9, 0, '92.40', 0, 0, 'Lulus'),
(2436, 100, 9, 0, '90.80', 0, 0, 'Lulus'),
(2437, 101, 9, 0, '81.90', 0, 0, 'Lulus'),
(2438, 102, 9, 0, '87.60', 0, 0, 'Lulus'),
(2439, 103, 9, 0, '89.50', 0, 0, 'Lulus'),
(2440, 104, 9, 0, '92.50', 0, 0, 'Lulus'),
(2441, 105, 9, 0, '91.90', 0, 0, 'Lulus'),
(2442, 106, 9, 0, '89.80', 0, 0, 'Lulus'),
(2443, 107, 9, 0, '92.40', 0, 0, 'Lulus'),
(2444, 108, 9, 0, '89.90', 0, 0, 'Lulus'),
(2445, 109, 9, 0, '90.30', 0, 0, 'Lulus'),
(2446, 110, 9, 0, '95.00', 0, 0, 'Lulus'),
(2447, 111, 9, 0, '94.00', 0, 0, 'Lulus'),
(2448, 112, 9, 0, '91.20', 0, 0, 'Lulus'),
(2449, 113, 9, 0, '94.00', 0, 0, 'Lulus'),
(2450, 114, 9, 0, '92.90', 0, 0, 'Lulus'),
(2451, 115, 9, 0, '90.90', 0, 0, 'Lulus'),
(2452, 116, 9, 0, '91.40', 0, 0, 'Lulus'),
(2453, 117, 9, 0, '90.10', 0, 0, 'Lulus'),
(2454, 118, 9, 0, '89.60', 0, 0, 'Lulus'),
(2455, 119, 9, 0, '91.40', 0, 0, 'Lulus'),
(2456, 120, 9, 0, '92.50', 0, 0, 'Lulus'),
(2457, 121, 9, 0, '92.90', 0, 0, 'Lulus'),
(2458, 122, 9, 0, '90.90', 0, 0, 'Lulus'),
(2459, 123, 9, 0, '91.40', 0, 0, 'Lulus'),
(2460, 124, 9, 0, '94.00', 0, 0, 'Lulus'),
(2461, 125, 9, 0, '92.40', 0, 0, 'Lulus');
INSERT INTO `nilai_siswa` (`id`, `siswa_id`, `mapel_id`, `nilai_rapot`, `nusp`, `nsp`, `avg`, `status_lulus`) VALUES
(2462, 126, 9, 0, '91.50', 0, 0, 'Lulus'),
(2463, 127, 9, 0, '92.00', 0, 0, 'Lulus'),
(2464, 128, 9, 0, '94.00', 0, 0, 'Lulus'),
(2465, 129, 9, 0, '90.40', 0, 0, 'Lulus'),
(2466, 130, 9, 0, '91.90', 0, 0, 'Lulus'),
(2467, 131, 9, 0, '92.90', 0, 0, 'Lulus'),
(2468, 132, 9, 0, '93.50', 0, 0, 'Lulus'),
(2469, 133, 9, 0, '89.90', 0, 0, 'Lulus'),
(2470, 134, 9, 0, '89.80', 0, 0, 'Lulus'),
(2471, 135, 9, 0, '93.20', 0, 0, 'Lulus'),
(2472, 136, 9, 0, '89.30', 0, 0, 'Lulus'),
(2473, 137, 9, 0, '92.50', 0, 0, 'Lulus'),
(2474, 138, 9, 0, '88.50', 0, 0, 'Lulus'),
(2475, 139, 9, 0, '88.20', 0, 0, 'Lulus'),
(2476, 140, 9, 0, '88.70', 0, 0, 'Lulus'),
(2477, 141, 9, 0, '93.50', 0, 0, 'Lulus'),
(2478, 142, 9, 0, '87.70', 0, 0, 'Lulus'),
(2479, 143, 9, 0, '87.90', 0, 0, 'Lulus'),
(2480, 144, 9, 0, '88.20', 0, 0, 'Lulus'),
(2481, 145, 9, 0, '88.70', 0, 0, 'Lulus'),
(2482, 146, 9, 0, '93.50', 0, 0, 'Lulus'),
(2483, 147, 9, 0, '91.70', 0, 0, 'Lulus'),
(2484, 148, 9, 0, '86.60', 0, 0, 'Lulus'),
(2485, 149, 9, 0, '87.10', 0, 0, 'Lulus'),
(2486, 150, 9, 0, '94.50', 0, 0, 'Lulus'),
(2487, 151, 9, 0, '94.00', 0, 0, 'Lulus'),
(2488, 152, 9, 0, '87.10', 0, 0, 'Lulus'),
(2489, 153, 9, 0, '85.60', 0, 0, 'Lulus'),
(2490, 154, 9, 0, '89.40', 0, 0, 'Lulus'),
(2491, 155, 9, 0, '89.50', 0, 0, 'Lulus'),
(2492, 156, 9, 0, '88.20', 0, 0, 'Lulus'),
(2493, 157, 9, 0, '86.60', 0, 0, 'Lulus'),
(2494, 158, 9, 0, '88.20', 0, 0, 'Lulus'),
(2495, 159, 9, 0, '88.70', 0, 0, 'Lulus'),
(2496, 160, 9, 0, '88.40', 0, 0, 'Lulus'),
(2497, 161, 9, 0, '89.00', 0, 0, 'Lulus'),
(2498, 162, 9, 0, '88.70', 0, 0, 'Lulus'),
(2499, 163, 9, 0, '88.70', 0, 0, 'Lulus'),
(2500, 164, 9, 0, '89.50', 0, 0, 'Lulus'),
(2501, 165, 9, 0, '89.00', 0, 0, 'Lulus'),
(2502, 166, 9, 0, '88.40', 0, 0, 'Lulus'),
(2503, 167, 9, 0, '88.40', 0, 0, 'Lulus'),
(2504, 168, 9, 0, '94.00', 0, 0, 'Lulus'),
(2505, 169, 9, 0, '88.90', 0, 0, 'Lulus'),
(2506, 170, 9, 0, '87.40', 0, 0, 'Lulus'),
(2507, 171, 9, 0, '87.90', 0, 0, 'Lulus'),
(2508, 172, 9, 0, '88.50', 0, 0, 'Lulus'),
(2509, 173, 9, 0, '93.00', 0, 0, 'Lulus'),
(2510, 174, 9, 0, '91.10', 0, 0, 'Lulus'),
(2511, 175, 9, 0, '91.40', 0, 0, 'Lulus'),
(2512, 176, 9, 0, '89.00', 0, 0, 'Lulus'),
(2513, 177, 9, 0, '89.50', 0, 0, 'Lulus'),
(2514, 178, 9, 0, '91.10', 0, 0, 'Lulus'),
(2515, 179, 9, 0, '92.20', 0, 0, 'Lulus'),
(2516, 180, 9, 0, '91.10', 0, 0, 'Lulus'),
(2517, 181, 9, 0, '89.50', 0, 0, 'Lulus'),
(2518, 182, 9, 0, '90.60', 0, 0, 'Lulus'),
(2519, 183, 9, 0, '92.20', 0, 0, 'Lulus'),
(2520, 184, 9, 0, '93.00', 0, 0, 'Lulus'),
(2521, 185, 9, 0, '91.90', 0, 0, 'Lulus'),
(2522, 186, 9, 0, '89.90', 0, 0, 'Lulus'),
(2523, 187, 9, 0, '93.00', 0, 0, 'Lulus'),
(2524, 188, 9, 0, '92.70', 0, 0, 'Lulus'),
(2525, 189, 9, 0, '91.10', 0, 0, 'Lulus'),
(2526, 190, 9, 0, '92.20', 0, 0, 'Lulus'),
(2527, 191, 9, 0, '87.00', 0, 0, 'Lulus'),
(2528, 192, 9, 0, '93.00', 0, 0, 'Lulus'),
(2529, 193, 9, 0, '89.50', 0, 0, 'Lulus'),
(2530, 194, 9, 0, '92.20', 0, 0, 'Lulus'),
(2531, 195, 9, 0, '92.70', 0, 0, 'Lulus'),
(2532, 196, 9, 0, '82.40', 0, 0, 'Lulus'),
(2533, 197, 9, 0, '90.10', 0, 0, 'Lulus'),
(2534, 198, 9, 0, '71.00', 0, 0, 'Lulus'),
(2535, 199, 9, 0, '91.10', 0, 0, 'Lulus'),
(2536, 200, 9, 0, '83.40', 0, 0, 'Lulus'),
(2537, 201, 9, 0, '89.50', 0, 0, 'Lulus'),
(2538, 202, 9, 0, '91.10', 0, 0, 'Lulus'),
(2539, 203, 9, 0, '91.60', 0, 0, 'Lulus'),
(2540, 204, 9, 0, '89.00', 0, 0, 'Lulus'),
(2541, 205, 9, 0, '90.60', 0, 0, 'Lulus'),
(2542, 206, 9, 0, '81.80', 0, 0, 'Lulus'),
(2543, 207, 9, 0, '91.60', 0, 0, 'Lulus'),
(2544, 208, 9, 0, '82.30', 0, 0, 'Lulus'),
(2545, 209, 9, 0, '74.50', 0, 0, 'Lulus'),
(2546, 210, 9, 0, '84.40', 0, 0, 'Lulus'),
(2547, 211, 9, 0, '82.90', 0, 0, 'Lulus'),
(2548, 212, 9, 0, '86.00', 0, 0, 'Lulus'),
(2549, 213, 9, 0, '89.50', 0, 0, 'Lulus'),
(2550, 214, 9, 0, '89.50', 0, 0, 'Lulus'),
(2551, 215, 9, 0, '71.50', 0, 0, 'Lulus'),
(2552, 216, 9, 0, '81.80', 0, 0, 'Lulus'),
(2553, 217, 9, 0, '81.00', 0, 0, 'Lulus'),
(2554, 218, 9, 0, '82.30', 0, 0, 'Lulus'),
(2555, 219, 9, 0, '84.50', 0, 0, 'Lulus'),
(2556, 220, 9, 0, '76.50', 0, 0, 'Lulus'),
(2557, 221, 9, 0, '90.60', 0, 0, 'Lulus'),
(2558, 222, 9, 0, '76.00', 0, 0, 'Lulus'),
(2559, 223, 9, 0, '91.10', 0, 0, 'Lulus'),
(2560, 224, 9, 0, '91.10', 0, 0, 'Lulus'),
(2561, 225, 9, 0, '82.90', 0, 0, 'Lulus'),
(2562, 226, 9, 0, '81.00', 0, 0, 'Lulus'),
(2563, 227, 9, 0, '81.30', 0, 0, 'Lulus'),
(2564, 228, 9, 0, '87.40', 0, 0, 'Lulus'),
(2565, 229, 9, 0, '87.40', 0, 0, 'Lulus'),
(2566, 230, 9, 0, '78.40', 0, 0, 'Lulus'),
(2567, 231, 9, 0, '80.10', 0, 0, 'Lulus'),
(2568, 232, 9, 0, '83.10', 0, 0, 'Lulus'),
(2569, 233, 9, 0, '89.50', 0, 0, 'Lulus'),
(2570, 234, 9, 0, '83.10', 0, 0, 'Lulus'),
(2571, 235, 9, 0, '89.50', 0, 0, 'Lulus'),
(2572, 236, 9, 0, '87.10', 0, 0, 'Lulus'),
(2573, 237, 9, 0, '83.10', 0, 0, 'Lulus'),
(2574, 238, 9, 0, '87.10', 0, 0, 'Lulus'),
(2575, 239, 9, 0, '82.40', 0, 0, 'Lulus'),
(2576, 240, 9, 0, '87.10', 0, 0, 'Lulus'),
(2577, 241, 9, 0, '78.90', 0, 0, 'Lulus'),
(2578, 242, 9, 0, '89.00', 0, 0, 'Lulus'),
(2579, 243, 9, 0, '89.50', 0, 0, 'Lulus'),
(2580, 244, 9, 0, '89.50', 0, 0, 'Lulus'),
(2581, 245, 9, 0, '79.70', 0, 0, 'Lulus'),
(2582, 246, 9, 0, '84.80', 0, 0, 'Lulus'),
(2583, 247, 9, 0, '86.30', 0, 0, 'Lulus'),
(2584, 248, 9, 0, '92.20', 0, 0, 'Lulus'),
(2585, 249, 9, 0, '83.10', 0, 0, 'Lulus'),
(2586, 250, 9, 0, '86.30', 0, 0, 'Lulus'),
(2587, 251, 9, 0, '86.30', 0, 0, 'Lulus'),
(2588, 252, 9, 0, '73.40', 0, 0, 'Lulus'),
(2589, 253, 9, 0, '87.10', 0, 0, 'Lulus'),
(2590, 254, 9, 0, '87.90', 0, 0, 'Lulus'),
(2591, 255, 9, 0, '86.30', 0, 0, 'Lulus'),
(2592, 256, 9, 0, '83.10', 0, 0, 'Lulus'),
(2593, 257, 9, 0, '74.90', 0, 0, 'Lulus'),
(2594, 258, 9, 0, '92.50', 0, 0, 'Lulus'),
(2595, 259, 9, 0, '85.60', 0, 0, 'Lulus'),
(2596, 260, 9, 0, '85.50', 0, 0, 'Lulus'),
(2597, 261, 9, 0, '85.50', 0, 0, 'Lulus'),
(2598, 262, 9, 0, '83.90', 0, 0, 'Lulus'),
(2599, 263, 9, 0, '89.20', 0, 0, 'Lulus'),
(2600, 264, 9, 0, '85.80', 0, 0, 'Lulus'),
(2601, 265, 9, 0, '90.00', 0, 0, 'Lulus'),
(2602, 266, 9, 0, '89.80', 0, 0, 'Lulus'),
(2603, 267, 9, 0, '89.20', 0, 0, 'Lulus'),
(2604, 268, 9, 0, '83.90', 0, 0, 'Lulus'),
(2605, 269, 9, 0, '86.30', 0, 0, 'Lulus'),
(2606, 270, 9, 0, '87.10', 0, 0, 'Lulus'),
(2607, 271, 9, 0, '89.80', 0, 0, 'Lulus'),
(2608, 272, 9, 0, '88.20', 0, 0, 'Lulus'),
(2609, 273, 9, 0, '85.80', 0, 0, 'Lulus'),
(2610, 274, 9, 0, '86.60', 0, 0, 'Lulus'),
(2611, 275, 9, 0, '85.50', 0, 0, 'Lulus'),
(2612, 276, 9, 0, '93.20', 0, 0, 'Lulus'),
(2613, 277, 9, 0, '85.50', 0, 0, 'Lulus'),
(2614, 278, 9, 0, '86.30', 0, 0, 'Lulus'),
(2615, 279, 9, 0, '92.70', 0, 0, 'Lulus'),
(2616, 280, 9, 0, '83.40', 0, 0, 'Lulus'),
(2617, 281, 9, 0, '90.30', 0, 0, 'Lulus'),
(2618, 282, 9, 0, '87.10', 0, 0, 'Lulus'),
(2619, 283, 9, 0, '87.10', 0, 0, 'Lulus'),
(2620, 284, 9, 0, '85.80', 0, 0, 'Lulus'),
(2621, 285, 9, 0, '92.20', 0, 0, 'Lulus'),
(2622, 286, 9, 0, '73.40', 0, 0, 'Lulus'),
(2623, 287, 9, 0, '90.30', 0, 0, 'Lulus'),
(2624, 288, 9, 0, '92.20', 0, 0, 'Lulus'),
(2625, 289, 9, 0, '93.20', 0, 0, 'Lulus'),
(2626, 290, 9, 0, '90.30', 0, 0, 'Lulus'),
(2627, 291, 9, 0, '84.00', 0, 0, 'Lulus'),
(2628, 292, 9, 0, '88.70', 0, 0, 'Lulus'),
(2629, 1, 10, 50, '83.60', 92, 76.5, 'Lulus'),
(2630, 2, 10, 0, '86.60', 0, 30.033333333333, 'Lulus'),
(2631, 3, 10, 0, '79.50', 0, 27.966666666667, 'Lulus'),
(2632, 4, 10, 0, '84.00', 0, 29.866666666667, 'Lulus'),
(2633, 5, 10, 0, '75.00', 0, 27.866666666667, 'Lulus'),
(2634, 6, 10, 0, '80.50', 0, 30.466666666667, 'Lulus'),
(2635, 7, 10, 0, '88.10', 0, 30, 'Lulus'),
(2636, 8, 10, 0, '86.60', 0, 29.133333333333, 'Lulus'),
(2637, 9, 10, 0, '87.10', 0, 29.066666666667, 'Lulus'),
(2638, 10, 10, 0, '86.00', 0, 29.666666666667, 'Lulus'),
(2639, 11, 10, 0, '85.00', 0, 0, 'Lulus'),
(2640, 12, 10, 0, '84.50', 0, 0, 'Lulus'),
(2641, 13, 10, 0, '85.10', 0, 0, 'Lulus'),
(2642, 14, 10, 0, '80.00', 0, 0, 'Lulus'),
(2643, 15, 10, 0, '84.50', 0, 0, 'Lulus'),
(2644, 16, 10, 0, '84.60', 0, 0, 'Lulus'),
(2645, 17, 10, 0, '88.10', 0, 0, 'Lulus'),
(2646, 18, 10, 0, '87.40', 0, 0, 'Lulus'),
(2647, 19, 10, 0, '81.00', 0, 0, 'Lulus'),
(2648, 20, 10, 0, '86.60', 0, 0, 'Lulus'),
(2649, 21, 10, 0, '81.50', 0, 0, 'Lulus'),
(2650, 22, 10, 0, '83.10', 0, 0, 'Lulus'),
(2651, 23, 10, 0, '87.90', 0, 0, 'Lulus'),
(2652, 24, 10, 0, '88.90', 0, 0, 'Lulus'),
(2653, 25, 10, 0, '81.50', 0, 0, 'Lulus'),
(2654, 26, 10, 0, '83.50', 0, 0, 'Lulus'),
(2655, 27, 10, 0, '86.50', 0, 0, 'Lulus'),
(2656, 28, 10, 0, '88.40', 0, 0, 'Lulus'),
(2657, 29, 10, 0, '87.10', 0, 0, 'Lulus'),
(2658, 30, 10, 0, '87.60', 0, 0, 'Lulus'),
(2659, 31, 10, 0, '85.00', 0, 0, 'Lulus'),
(2660, 32, 10, 0, '79.20', 0, 0, 'Lulus'),
(2661, 33, 10, 0, '79.50', 0, 0, 'Lulus'),
(2662, 34, 10, 0, '85.00', 0, 0, 'Lulus'),
(2663, 35, 10, 0, '84.00', 0, 0, 'Lulus'),
(2664, 36, 10, 0, '86.80', 0, 0, 'Lulus'),
(2665, 37, 10, 0, '79.10', 0, 0, 'Lulus'),
(2666, 38, 10, 0, '82.80', 0, 0, 'Lulus'),
(2667, 39, 10, 0, '80.40', 0, 0, 'Lulus'),
(2668, 40, 10, 0, '85.60', 0, 0, 'Lulus'),
(2669, 41, 10, 0, '77.40', 0, 0, 'Lulus'),
(2670, 42, 10, 0, '85.30', 0, 0, 'Lulus'),
(2671, 43, 10, 0, '85.80', 0, 0, 'Lulus'),
(2672, 44, 10, 0, '75.60', 0, 0, 'Lulus'),
(2673, 45, 10, 0, '82.30', 0, 0, 'Lulus'),
(2674, 46, 10, 0, '87.30', 0, 0, 'Lulus'),
(2675, 47, 10, 0, '82.30', 0, 0, 'Lulus'),
(2676, 48, 10, 0, '83.90', 0, 0, 'Lulus'),
(2677, 49, 10, 0, '79.30', 0, 0, 'Lulus'),
(2678, 50, 10, 0, '83.40', 0, 0, 'Lulus'),
(2679, 51, 10, 0, '79.80', 0, 0, 'Lulus'),
(2680, 52, 10, 0, '74.90', 0, 0, 'Lulus'),
(2681, 53, 10, 0, '84.60', 0, 0, 'Lulus'),
(2682, 54, 10, 0, '83.30', 0, 0, 'Lulus'),
(2683, 55, 10, 0, '82.90', 0, 0, 'Lulus'),
(2684, 56, 10, 0, '83.80', 0, 0, 'Lulus'),
(2685, 57, 10, 0, '77.20', 0, 0, 'Lulus'),
(2686, 58, 10, 0, '86.80', 0, 0, 'Lulus'),
(2687, 59, 10, 0, '75.30', 0, 0, 'Lulus'),
(2688, 60, 10, 0, '83.30', 0, 0, 'Lulus'),
(2689, 61, 10, 0, '85.80', 0, 0, 'Lulus'),
(2690, 62, 10, 0, '85.60', 0, 0, 'Lulus'),
(2691, 63, 10, 0, '85.30', 0, 0, 'Lulus'),
(2692, 64, 10, 0, '84.30', 0, 0, 'Lulus'),
(2693, 65, 10, 0, '79.70', 0, 0, 'Lulus'),
(2694, 66, 10, 0, '77.80', 0, 0, 'Lulus'),
(2695, 67, 10, 0, '83.10', 0, 0, 'Lulus'),
(2696, 68, 10, 0, '87.30', 0, 0, 'Lulus'),
(2697, 69, 10, 0, '89.20', 0, 0, 'Lulus'),
(2698, 70, 10, 0, '86.80', 0, 0, 'Lulus'),
(2699, 71, 10, 0, '89.70', 0, 0, 'Lulus'),
(2700, 72, 10, 0, '86.10', 0, 0, 'Lulus'),
(2701, 73, 10, 0, '74.10', 0, 0, 'Lulus'),
(2702, 74, 10, 0, '91.50', 0, 0, 'Lulus'),
(2703, 75, 10, 0, '83.70', 0, 0, 'Lulus'),
(2704, 76, 10, 0, '87.70', 0, 0, 'Lulus'),
(2705, 77, 10, 0, '84.90', 0, 0, 'Lulus'),
(2706, 78, 10, 0, '84.40', 0, 0, 'Lulus'),
(2707, 79, 10, 0, '90.20', 0, 0, 'Lulus'),
(2708, 80, 10, 0, '78.40', 0, 0, 'Lulus'),
(2709, 81, 10, 0, '81.80', 0, 0, 'Lulus'),
(2710, 82, 10, 0, '85.80', 0, 0, 'Lulus'),
(2711, 83, 10, 0, '80.60', 0, 0, 'Lulus'),
(2712, 84, 10, 0, '86.80', 0, 0, 'Lulus'),
(2713, 85, 10, 0, '75.80', 0, 0, 'Lulus'),
(2714, 86, 10, 0, '79.60', 0, 0, 'Lulus'),
(2715, 87, 10, 0, '81.90', 0, 0, 'Lulus'),
(2716, 88, 10, 0, '89.30', 0, 0, 'Lulus'),
(2717, 89, 10, 0, '85.40', 0, 0, 'Lulus'),
(2718, 90, 10, 0, '82.40', 0, 0, 'Lulus'),
(2719, 91, 10, 0, '87.10', 0, 0, 'Lulus'),
(2720, 92, 10, 0, '87.10', 0, 0, 'Lulus'),
(2721, 93, 10, 0, '81.60', 0, 0, 'Lulus'),
(2722, 94, 10, 0, '87.10', 0, 0, 'Lulus'),
(2723, 95, 10, 0, '76.10', 0, 0, 'Lulus'),
(2724, 96, 10, 0, '83.40', 0, 0, 'Lulus'),
(2725, 97, 10, 0, '83.40', 0, 0, 'Lulus'),
(2726, 98, 10, 0, '91.00', 0, 0, 'Lulus'),
(2727, 99, 10, 0, '88.90', 0, 0, 'Lulus'),
(2728, 100, 10, 0, '85.80', 0, 0, 'Lulus'),
(2729, 101, 10, 0, '80.40', 0, 0, 'Lulus'),
(2730, 102, 10, 0, '81.10', 0, 0, 'Lulus'),
(2731, 103, 10, 0, '86.50', 0, 0, 'Lulus'),
(2732, 104, 10, 0, '79.00', 0, 0, 'Lulus'),
(2733, 105, 10, 0, '83.90', 0, 0, 'Lulus'),
(2734, 106, 10, 0, '84.80', 0, 0, 'Lulus'),
(2735, 107, 10, 0, '87.40', 0, 0, 'Lulus'),
(2736, 108, 10, 0, '83.40', 0, 0, 'Lulus'),
(2737, 109, 10, 0, '86.30', 0, 0, 'Lulus'),
(2738, 110, 10, 0, '88.50', 0, 0, 'Lulus'),
(2739, 111, 10, 0, '90.00', 0, 0, 'Lulus'),
(2740, 112, 10, 0, '84.20', 0, 0, 'Lulus'),
(2741, 113, 10, 0, '90.00', 0, 0, 'Lulus'),
(2742, 114, 10, 0, '89.40', 0, 0, 'Lulus'),
(2743, 115, 10, 0, '87.40', 0, 0, 'Lulus'),
(2744, 116, 10, 0, '83.90', 0, 0, 'Lulus'),
(2745, 117, 10, 0, '84.10', 0, 0, 'Lulus'),
(2746, 118, 10, 0, '87.60', 0, 0, 'Lulus'),
(2747, 119, 10, 0, '88.40', 0, 0, 'Lulus'),
(2748, 120, 10, 0, '86.50', 0, 0, 'Lulus'),
(2749, 121, 10, 0, '87.90', 0, 0, 'Lulus'),
(2750, 122, 10, 0, '87.40', 0, 0, 'Lulus'),
(2751, 123, 10, 0, '83.40', 0, 0, 'Lulus'),
(2752, 124, 10, 0, '78.50', 0, 0, 'Lulus'),
(2753, 125, 10, 0, '86.90', 0, 0, 'Lulus'),
(2754, 126, 10, 0, '83.50', 0, 0, 'Lulus'),
(2755, 127, 10, 0, '89.50', 0, 0, 'Lulus'),
(2756, 128, 10, 0, '89.50', 0, 0, 'Lulus'),
(2757, 129, 10, 0, '87.90', 0, 0, 'Lulus'),
(2758, 130, 10, 0, '88.90', 0, 0, 'Lulus'),
(2759, 131, 10, 0, '88.90', 0, 0, 'Lulus'),
(2760, 132, 10, 0, '87.50', 0, 0, 'Lulus'),
(2761, 133, 10, 0, '87.40', 0, 0, 'Lulus'),
(2762, 134, 10, 0, '85.80', 0, 0, 'Lulus'),
(2763, 135, 10, 0, '88.20', 0, 0, 'Lulus'),
(2764, 136, 10, 0, '84.80', 0, 0, 'Lulus'),
(2765, 137, 10, 0, '90.50', 0, 0, 'Lulus'),
(2766, 138, 10, 0, '81.00', 0, 0, 'Lulus'),
(2767, 139, 10, 0, '86.20', 0, 0, 'Lulus'),
(2768, 140, 10, 0, '84.70', 0, 0, 'Lulus'),
(2769, 141, 10, 0, '84.50', 0, 0, 'Lulus'),
(2770, 142, 10, 0, '86.20', 0, 0, 'Lulus'),
(2771, 143, 10, 0, '83.90', 0, 0, 'Lulus'),
(2772, 144, 10, 0, '84.70', 0, 0, 'Lulus'),
(2773, 145, 10, 0, '83.70', 0, 0, 'Lulus'),
(2774, 146, 10, 0, '88.00', 0, 0, 'Lulus'),
(2775, 147, 10, 0, '89.20', 0, 0, 'Lulus'),
(2776, 148, 10, 0, '81.60', 0, 0, 'Lulus'),
(2777, 149, 10, 0, '83.60', 0, 0, 'Lulus'),
(2778, 150, 10, 0, '87.50', 0, 0, 'Lulus'),
(2779, 151, 10, 0, '90.00', 0, 0, 'Lulus'),
(2780, 152, 10, 0, '79.10', 0, 0, 'Lulus'),
(2781, 153, 10, 0, '81.60', 0, 0, 'Lulus'),
(2782, 154, 10, 0, '83.50', 0, 0, 'Lulus'),
(2783, 155, 10, 0, '85.00', 0, 0, 'Lulus'),
(2784, 156, 10, 0, '83.20', 0, 0, 'Lulus'),
(2785, 157, 10, 0, '84.60', 0, 0, 'Lulus'),
(2786, 158, 10, 0, '84.70', 0, 0, 'Lulus'),
(2787, 159, 10, 0, '86.20', 0, 0, 'Lulus'),
(2788, 160, 10, 0, '83.40', 0, 0, 'Lulus'),
(2789, 161, 10, 0, '85.00', 0, 0, 'Lulus'),
(2790, 162, 10, 0, '84.70', 0, 0, 'Lulus'),
(2791, 163, 10, 0, '83.70', 0, 0, 'Lulus'),
(2792, 164, 10, 0, '82.50', 0, 0, 'Lulus'),
(2793, 165, 10, 0, '85.50', 0, 0, 'Lulus'),
(2794, 166, 10, 0, '84.90', 0, 0, 'Lulus'),
(2795, 167, 10, 0, '83.40', 0, 0, 'Lulus'),
(2796, 168, 10, 0, '91.50', 0, 0, 'Lulus'),
(2797, 169, 10, 0, '79.40', 0, 0, 'Lulus'),
(2798, 170, 10, 0, '76.90', 0, 0, 'Lulus'),
(2799, 171, 10, 0, '83.40', 0, 0, 'Lulus'),
(2800, 172, 10, 0, '84.50', 0, 0, 'Lulus'),
(2801, 173, 10, 0, '88.00', 0, 0, 'Lulus'),
(2802, 174, 10, 0, '88.60', 0, 0, 'Lulus'),
(2803, 175, 10, 0, '87.90', 0, 0, 'Lulus'),
(2804, 176, 10, 0, '84.00', 0, 0, 'Lulus'),
(2805, 177, 10, 0, '79.50', 0, 0, 'Lulus'),
(2806, 178, 10, 0, '85.10', 0, 0, 'Lulus'),
(2807, 179, 10, 0, '78.20', 0, 0, 'Lulus'),
(2808, 180, 10, 0, '83.60', 0, 0, 'Lulus'),
(2809, 181, 10, 0, '87.00', 0, 0, 'Lulus'),
(2810, 182, 10, 0, '85.60', 0, 0, 'Lulus'),
(2811, 183, 10, 0, '85.20', 0, 0, 'Lulus'),
(2812, 184, 10, 0, '87.50', 0, 0, 'Lulus'),
(2813, 185, 10, 0, '86.90', 0, 0, 'Lulus'),
(2814, 186, 10, 0, '83.90', 0, 0, 'Lulus'),
(2815, 187, 10, 0, '85.50', 0, 0, 'Lulus'),
(2816, 188, 10, 0, '89.20', 0, 0, 'Lulus'),
(2817, 189, 10, 0, '88.60', 0, 0, 'Lulus'),
(2818, 190, 10, 0, '86.70', 0, 0, 'Lulus'),
(2819, 191, 10, 0, '82.00', 0, 0, 'Lulus'),
(2820, 192, 10, 0, '88.50', 0, 0, 'Lulus'),
(2821, 193, 10, 0, '85.00', 0, 0, 'Lulus'),
(2822, 194, 10, 0, '85.70', 0, 0, 'Lulus'),
(2823, 195, 10, 0, '89.70', 0, 0, 'Lulus'),
(2824, 196, 10, 0, '73.40', 0, 0, 'Lulus'),
(2825, 197, 10, 0, '87.10', 0, 0, 'Lulus'),
(2826, 198, 10, 0, '71.00', 0, 0, 'Lulus'),
(2827, 199, 10, 0, '86.60', 0, 0, 'Lulus'),
(2828, 200, 10, 0, '69.90', 0, 0, 'Lulus'),
(2829, 201, 10, 0, '83.00', 0, 0, 'Lulus'),
(2830, 202, 10, 0, '87.10', 0, 0, 'Lulus'),
(2831, 203, 10, 0, '79.60', 0, 0, 'Lulus'),
(2832, 204, 10, 0, '85.50', 0, 0, 'Lulus'),
(2833, 205, 10, 0, '87.60', 0, 0, 'Lulus'),
(2834, 206, 10, 0, '76.80', 0, 0, 'Lulus'),
(2835, 207, 10, 0, '85.10', 0, 0, 'Lulus'),
(2836, 208, 10, 0, '74.04', 0, 0, 'Lulus'),
(2837, 209, 10, 0, '69.50', 0, 0, 'Lulus'),
(2838, 210, 10, 0, '75.64', 0, 0, 'Lulus'),
(2839, 211, 10, 0, '70.40', 0, 0, 'Lulus'),
(2840, 212, 10, 0, '71.00', 0, 0, 'Lulus'),
(2841, 213, 10, 0, '86.00', 0, 0, 'Lulus'),
(2842, 214, 10, 0, '74.50', 0, 0, 'Lulus'),
(2843, 215, 10, 0, '69.50', 0, 0, 'Lulus'),
(2844, 216, 10, 0, '66.30', 0, 0, 'Lulus'),
(2845, 217, 10, 0, '65.50', 0, 0, 'Lulus'),
(2846, 218, 10, 0, '76.80', 0, 0, 'Lulus'),
(2847, 219, 10, 0, '78.00', 0, 0, 'Lulus'),
(2848, 220, 10, 0, '75.50', 0, 0, 'Lulus'),
(2849, 221, 10, 0, '87.10', 0, 0, 'Lulus'),
(2850, 222, 10, 0, '76.00', 0, 0, 'Lulus'),
(2851, 223, 10, 0, '87.60', 0, 0, 'Lulus'),
(2852, 224, 10, 0, '87.10', 0, 0, 'Lulus'),
(2853, 225, 10, 0, '69.40', 0, 0, 'Lulus'),
(2854, 226, 10, 0, '65.00', 0, 0, 'Lulus'),
(2855, 227, 10, 0, '66.30', 0, 0, 'Lulus'),
(2856, 228, 10, 0, '81.90', 0, 0, 'Lulus'),
(2857, 229, 10, 0, '73.40', 0, 0, 'Lulus'),
(2858, 230, 10, 0, '77.90', 0, 0, 'Lulus'),
(2859, 231, 10, 0, '70.10', 0, 0, 'Lulus'),
(2860, 232, 10, 0, '71.10', 0, 0, 'Lulus'),
(2861, 233, 10, 0, '85.50', 0, 0, 'Lulus'),
(2862, 234, 10, 0, '74.60', 0, 0, 'Lulus'),
(2863, 235, 10, 0, '86.00', 0, 0, 'Lulus'),
(2864, 236, 10, 0, '79.60', 0, 0, 'Lulus'),
(2865, 237, 10, 0, '84.60', 0, 0, 'Lulus'),
(2866, 238, 10, 0, '79.10', 0, 0, 'Lulus'),
(2867, 239, 10, 0, '77.40', 0, 0, 'Lulus'),
(2868, 240, 10, 0, '75.60', 0, 0, 'Lulus'),
(2869, 241, 10, 0, '73.40', 0, 0, 'Lulus'),
(2870, 242, 10, 0, '87.00', 0, 0, 'Lulus'),
(2871, 243, 10, 0, '85.00', 0, 0, 'Lulus'),
(2872, 244, 10, 0, '83.50', 0, 0, 'Lulus'),
(2873, 245, 10, 0, '78.20', 0, 0, 'Lulus'),
(2874, 246, 10, 0, '73.80', 0, 0, 'Lulus'),
(2875, 247, 10, 0, '73.80', 0, 0, 'Lulus'),
(2876, 248, 10, 0, '86.20', 0, 0, 'Lulus'),
(2877, 249, 10, 0, '78.10', 0, 0, 'Lulus'),
(2878, 250, 10, 0, '74.80', 0, 0, 'Lulus'),
(2879, 251, 10, 0, '75.80', 0, 0, 'Lulus'),
(2880, 252, 10, 0, '72.90', 0, 0, 'Lulus'),
(2881, 253, 10, 0, '83.60', 0, 0, 'Lulus'),
(2882, 254, 10, 0, '72.40', 0, 0, 'Lulus'),
(2883, 255, 10, 0, '75.80', 0, 0, 'Lulus'),
(2884, 256, 10, 0, '72.60', 0, 0, 'Lulus'),
(2885, 257, 10, 0, '74.40', 0, 0, 'Lulus'),
(2886, 258, 10, 0, '90.50', 0, 0, 'Lulus'),
(2887, 259, 10, 0, '72.60', 0, 0, 'Lulus'),
(2888, 260, 10, 0, '75.00', 0, 0, 'Lulus'),
(2889, 261, 10, 0, '73.00', 0, 0, 'Lulus'),
(2890, 262, 10, 0, '74.90', 0, 0, 'Lulus'),
(2891, 263, 10, 0, '84.20', 0, 0, 'Lulus'),
(2892, 264, 10, 0, '82.80', 0, 0, 'Lulus'),
(2893, 265, 10, 0, '86.00', 0, 0, 'Lulus'),
(2894, 266, 10, 0, '76.80', 0, 0, 'Lulus'),
(2895, 267, 10, 0, '83.70', 0, 0, 'Lulus'),
(2896, 268, 10, 0, '80.40', 0, 0, 'Lulus'),
(2897, 269, 10, 0, '79.80', 0, 0, 'Lulus'),
(2898, 270, 10, 0, '83.10', 0, 0, 'Lulus'),
(2899, 271, 10, 0, '85.30', 0, 0, 'Lulus'),
(2900, 272, 10, 0, '84.20', 0, 0, 'Lulus'),
(2901, 273, 10, 0, '82.80', 0, 0, 'Lulus'),
(2902, 274, 10, 0, '83.10', 0, 0, 'Lulus'),
(2903, 275, 10, 0, '80.50', 0, 0, 'Lulus'),
(2904, 276, 10, 0, '86.20', 0, 0, 'Lulus'),
(2905, 277, 10, 0, '81.50', 0, 0, 'Lulus'),
(2906, 278, 10, 0, '82.80', 0, 0, 'Lulus'),
(2907, 279, 10, 0, '83.70', 0, 0, 'Lulus'),
(2908, 280, 10, 0, '70.90', 0, 0, 'Lulus'),
(2909, 281, 10, 0, '81.80', 0, 0, 'Lulus'),
(2910, 282, 10, 0, '83.60', 0, 0, 'Lulus'),
(2911, 283, 10, 0, '82.10', 0, 0, 'Lulus'),
(2912, 284, 10, 0, '83.30', 0, 0, 'Lulus'),
(2913, 285, 10, 0, '85.70', 0, 0, 'Lulus'),
(2914, 286, 10, 0, '78.40', 0, 0, 'Lulus'),
(2915, 287, 10, 0, '85.30', 0, 0, 'Lulus'),
(2916, 288, 10, 0, '87.20', 0, 0, 'Lulus'),
(2917, 289, 10, 0, '84.70', 0, 0, 'Lulus'),
(2918, 290, 10, 0, '77.80', 0, 0, 'Lulus'),
(2919, 291, 10, 0, '80.00', 0, 0, 'Lulus'),
(2920, 292, 10, 0, '83.70', 0, 0, 'Lulus'),
(2921, 1, 11, 73.33, '88.27', 92, 83.9, 'Lulus'),
(2922, 2, 11, 0, '88.27', 0, 30.033333333333, 'Lulus'),
(2923, 3, 11, 0, '78.00', 0, 28.6, 'Lulus'),
(2924, 4, 11, 0, '87.33', 0, 29.6, 'Lulus'),
(2925, 5, 11, 0, '77.33', 0, 28.466666666667, 'Lulus'),
(2926, 6, 11, 0, '86.00', 0, 29.433333333333, 'Lulus'),
(2927, 7, 11, 0, '88.27', 0, 29.8, 'Lulus'),
(2928, 8, 11, 0, '87.60', 0, 28.4, 'Lulus'),
(2929, 9, 11, 0, '88.93', 0, 29.4, 'Lulus'),
(2930, 10, 11, 0, '87.33', 0, 30.2, 'Lulus'),
(2931, 11, 11, 0, '87.33', 0, 0, 'Lulus'),
(2932, 12, 11, 0, '87.33', 0, 0, 'Lulus'),
(2933, 13, 11, 0, '88.27', 0, 0, 'Lulus'),
(2934, 14, 11, 0, '86.67', 0, 0, 'Lulus'),
(2935, 15, 11, 0, '87.33', 0, 0, 'Lulus'),
(2936, 16, 11, 0, '88.93', 0, 0, 'Lulus'),
(2937, 17, 11, 0, '88.27', 0, 0, 'Lulus'),
(2938, 18, 11, 0, '89.73', 0, 0, 'Lulus'),
(2939, 19, 11, 0, '86.67', 0, 0, 'Lulus'),
(2940, 20, 11, 0, '88.93', 0, 0, 'Lulus'),
(2941, 21, 11, 0, '87.33', 0, 0, 'Lulus'),
(2942, 22, 11, 0, '88.27', 0, 0, 'Lulus'),
(2943, 23, 11, 0, '89.07', 0, 0, 'Lulus'),
(2944, 24, 11, 0, '89.07', 0, 0, 'Lulus'),
(2945, 25, 11, 0, '86.00', 0, 0, 'Lulus'),
(2946, 26, 11, 0, '87.33', 0, 0, 'Lulus'),
(2947, 27, 11, 0, '87.33', 0, 0, 'Lulus'),
(2948, 28, 11, 0, '89.07', 0, 0, 'Lulus'),
(2949, 29, 11, 0, '88.93', 0, 0, 'Lulus'),
(2950, 30, 11, 0, '88.27', 0, 0, 'Lulus'),
(2951, 31, 11, 0, '84.67', 0, 0, 'Lulus'),
(2952, 32, 11, 0, '90.53', 0, 0, 'Lulus'),
(2953, 33, 11, 0, '87.33', 0, 0, 'Lulus'),
(2954, 34, 11, 0, '86.67', 0, 0, 'Lulus'),
(2955, 35, 11, 0, '87.33', 0, 0, 'Lulus'),
(2956, 36, 11, 0, '86.80', 0, 0, 'Lulus'),
(2957, 37, 11, 0, '87.60', 0, 0, 'Lulus'),
(2958, 38, 11, 0, '87.47', 0, 0, 'Lulus'),
(2959, 39, 11, 0, '85.07', 0, 0, 'Lulus'),
(2960, 40, 11, 0, '87.60', 0, 0, 'Lulus'),
(2961, 41, 11, 0, '85.07', 0, 0, 'Lulus'),
(2962, 42, 11, 0, '87.47', 0, 0, 'Lulus'),
(2963, 43, 11, 0, '86.80', 0, 0, 'Lulus'),
(2964, 44, 11, 0, '87.60', 0, 0, 'Lulus'),
(2965, 45, 11, 0, '86.80', 0, 0, 'Lulus'),
(2966, 46, 11, 0, '86.80', 0, 0, 'Lulus'),
(2967, 47, 11, 0, '86.80', 0, 0, 'Lulus'),
(2968, 48, 11, 0, '83.73', 0, 0, 'Lulus'),
(2969, 49, 11, 0, '86.80', 0, 0, 'Lulus'),
(2970, 50, 11, 0, '84.40', 0, 0, 'Lulus'),
(2971, 51, 11, 0, '86.13', 0, 0, 'Lulus'),
(2972, 52, 11, 0, '84.40', 0, 0, 'Lulus'),
(2973, 53, 11, 0, '87.60', 0, 0, 'Lulus'),
(2974, 54, 11, 0, '86.80', 0, 0, 'Lulus'),
(2975, 55, 11, 0, '84.40', 0, 0, 'Lulus'),
(2976, 56, 11, 0, '88.13', 0, 0, 'Lulus'),
(2977, 57, 11, 0, '91.20', 0, 0, 'Lulus'),
(2978, 58, 11, 0, '86.13', 0, 0, 'Lulus'),
(2979, 59, 11, 0, '88.80', 0, 0, 'Lulus'),
(2980, 60, 11, 0, '88.13', 0, 0, 'Lulus'),
(2981, 61, 11, 0, '87.47', 0, 0, 'Lulus'),
(2982, 62, 11, 0, '88.93', 0, 0, 'Lulus'),
(2983, 63, 11, 0, '86.13', 0, 0, 'Lulus'),
(2984, 64, 11, 0, '86.80', 0, 0, 'Lulus'),
(2985, 65, 11, 0, '82.53', 0, 0, 'Lulus'),
(2986, 66, 11, 0, '86.80', 0, 0, 'Lulus'),
(2987, 67, 11, 0, '86.93', 0, 0, 'Lulus'),
(2988, 68, 11, 0, '86.80', 0, 0, 'Lulus'),
(2989, 69, 11, 0, '89.87', 0, 0, 'Lulus'),
(2990, 70, 11, 0, '87.47', 0, 0, 'Lulus'),
(2991, 71, 11, 0, '89.87', 0, 0, 'Lulus'),
(2992, 72, 11, 0, '86.27', 0, 0, 'Lulus'),
(2993, 73, 11, 0, '72.93', 0, 0, 'Lulus'),
(2994, 74, 11, 0, '90.67', 0, 0, 'Lulus'),
(2995, 75, 11, 0, '84.53', 0, 0, 'Lulus'),
(2996, 76, 11, 0, '90.53', 0, 0, 'Lulus'),
(2997, 77, 11, 0, '89.73', 0, 0, 'Lulus'),
(2998, 78, 11, 0, '84.40', 0, 0, 'Lulus'),
(2999, 79, 11, 0, '89.20', 0, 0, 'Lulus'),
(3000, 80, 11, 0, '81.73', 0, 0, 'Lulus'),
(3001, 81, 11, 0, '87.47', 0, 0, 'Lulus'),
(3002, 82, 11, 0, '87.47', 0, 0, 'Lulus'),
(3003, 83, 11, 0, '78.93', 0, 0, 'Lulus'),
(3004, 84, 11, 0, '88.13', 0, 0, 'Lulus'),
(3005, 85, 11, 0, '87.47', 0, 0, 'Lulus'),
(3006, 86, 11, 0, '82.93', 0, 0, 'Lulus'),
(3007, 87, 11, 0, '85.07', 0, 0, 'Lulus'),
(3008, 88, 11, 0, '87.47', 0, 0, 'Lulus'),
(3009, 89, 11, 0, '85.07', 0, 0, 'Lulus'),
(3010, 90, 11, 0, '84.40', 0, 0, 'Lulus'),
(3011, 91, 11, 0, '88.27', 0, 0, 'Lulus'),
(3012, 92, 11, 0, '87.60', 0, 0, 'Lulus'),
(3013, 93, 11, 0, '84.27', 0, 0, 'Lulus'),
(3014, 94, 11, 0, '88.93', 0, 0, 'Lulus'),
(3015, 95, 11, 0, '81.60', 0, 0, 'Lulus'),
(3016, 96, 11, 0, '85.73', 0, 0, 'Lulus'),
(3017, 97, 11, 0, '84.40', 0, 0, 'Lulus'),
(3018, 98, 11, 0, '90.67', 0, 0, 'Lulus'),
(3019, 99, 11, 0, '89.73', 0, 0, 'Lulus'),
(3020, 100, 11, 0, '88.13', 0, 0, 'Lulus'),
(3021, 101, 11, 0, '84.40', 0, 0, 'Lulus'),
(3022, 102, 11, 0, '84.27', 0, 0, 'Lulus'),
(3023, 103, 11, 0, '87.33', 0, 0, 'Lulus'),
(3024, 104, 11, 0, '91.33', 0, 0, 'Lulus'),
(3025, 105, 11, 0, '87.73', 0, 0, 'Lulus'),
(3026, 106, 11, 0, '86.80', 0, 0, 'Lulus'),
(3027, 107, 11, 0, '89.07', 0, 0, 'Lulus'),
(3028, 108, 11, 0, '87.73', 0, 0, 'Lulus'),
(3029, 109, 11, 0, '88.13', 0, 0, 'Lulus'),
(3030, 110, 11, 0, '91.33', 0, 0, 'Lulus'),
(3031, 111, 11, 0, '90.00', 0, 0, 'Lulus'),
(3032, 112, 11, 0, '89.20', 0, 0, 'Lulus'),
(3033, 113, 11, 0, '90.67', 0, 0, 'Lulus'),
(3034, 114, 11, 0, '89.07', 0, 0, 'Lulus'),
(3035, 115, 11, 0, '89.07', 0, 0, 'Lulus'),
(3036, 116, 11, 0, '89.07', 0, 0, 'Lulus'),
(3037, 117, 11, 0, '87.60', 0, 0, 'Lulus'),
(3038, 118, 11, 0, '88.27', 0, 0, 'Lulus'),
(3039, 119, 11, 0, '89.73', 0, 0, 'Lulus'),
(3040, 120, 11, 0, '90.67', 0, 0, 'Lulus'),
(3041, 121, 11, 0, '89.07', 0, 0, 'Lulus'),
(3042, 122, 11, 0, '89.73', 0, 0, 'Lulus'),
(3043, 123, 11, 0, '88.40', 0, 0, 'Lulus'),
(3044, 124, 11, 0, '89.33', 0, 0, 'Lulus'),
(3045, 125, 11, 0, '89.73', 0, 0, 'Lulus'),
(3046, 126, 11, 0, '90.00', 0, 0, 'Lulus'),
(3047, 127, 11, 0, '91.33', 0, 0, 'Lulus'),
(3048, 128, 11, 0, '90.67', 0, 0, 'Lulus'),
(3049, 129, 11, 0, '89.73', 0, 0, 'Lulus'),
(3050, 130, 11, 0, '90.40', 0, 0, 'Lulus'),
(3051, 131, 11, 0, '89.07', 0, 0, 'Lulus'),
(3052, 132, 11, 0, '90.67', 0, 0, 'Lulus'),
(3053, 133, 11, 0, '89.73', 0, 0, 'Lulus'),
(3054, 134, 11, 0, '87.47', 0, 0, 'Lulus'),
(3055, 135, 11, 0, '90.53', 0, 0, 'Lulus'),
(3056, 136, 11, 0, '88.13', 0, 0, 'Lulus'),
(3057, 137, 11, 0, '91.33', 0, 0, 'Lulus'),
(3058, 138, 11, 0, '84.67', 0, 0, 'Lulus'),
(3059, 139, 11, 0, '86.53', 0, 0, 'Lulus'),
(3060, 140, 11, 0, '86.53', 0, 0, 'Lulus'),
(3061, 141, 11, 0, '90.00', 0, 0, 'Lulus'),
(3062, 142, 11, 0, '85.20', 0, 0, 'Lulus'),
(3063, 143, 11, 0, '85.73', 0, 0, 'Lulus'),
(3064, 144, 11, 0, '85.87', 0, 0, 'Lulus'),
(3065, 145, 11, 0, '86.53', 0, 0, 'Lulus'),
(3066, 146, 11, 0, '91.33', 0, 0, 'Lulus'),
(3067, 147, 11, 0, '89.87', 0, 0, 'Lulus'),
(3068, 148, 11, 0, '83.60', 0, 0, 'Lulus'),
(3069, 149, 11, 0, '84.93', 0, 0, 'Lulus'),
(3070, 150, 11, 0, '90.67', 0, 0, 'Lulus'),
(3071, 151, 11, 0, '90.67', 0, 0, 'Lulus'),
(3072, 152, 11, 0, '84.27', 0, 0, 'Lulus'),
(3073, 153, 11, 0, '83.60', 0, 0, 'Lulus'),
(3074, 154, 11, 0, '86.00', 0, 0, 'Lulus'),
(3075, 155, 11, 0, '86.00', 0, 0, 'Lulus'),
(3076, 156, 11, 0, '86.53', 0, 0, 'Lulus'),
(3077, 157, 11, 0, '84.27', 0, 0, 'Lulus'),
(3078, 158, 11, 0, '86.53', 0, 0, 'Lulus'),
(3079, 159, 11, 0, '85.87', 0, 0, 'Lulus'),
(3080, 160, 11, 0, '85.73', 0, 0, 'Lulus'),
(3081, 161, 11, 0, '85.33', 0, 0, 'Lulus'),
(3082, 162, 11, 0, '86.53', 0, 0, 'Lulus'),
(3083, 163, 11, 0, '84.53', 0, 0, 'Lulus'),
(3084, 164, 11, 0, '86.67', 0, 0, 'Lulus'),
(3085, 165, 11, 0, '86.67', 0, 0, 'Lulus'),
(3086, 166, 11, 0, '85.73', 0, 0, 'Lulus'),
(3087, 167, 11, 0, '85.73', 0, 0, 'Lulus'),
(3088, 168, 11, 0, '91.33', 0, 0, 'Lulus'),
(3089, 169, 11, 0, '84.40', 0, 0, 'Lulus'),
(3090, 170, 11, 0, '83.07', 0, 0, 'Lulus'),
(3091, 171, 11, 0, '85.73', 0, 0, 'Lulus'),
(3092, 172, 11, 0, '87.33', 0, 0, 'Lulus'),
(3093, 173, 11, 0, '90.67', 0, 0, 'Lulus'),
(3094, 174, 11, 0, '88.27', 0, 0, 'Lulus'),
(3095, 175, 11, 0, '89.07', 0, 0, 'Lulus'),
(3096, 176, 11, 0, '87.33', 0, 0, 'Lulus'),
(3097, 177, 11, 0, '86.67', 0, 0, 'Lulus'),
(3098, 178, 11, 0, '88.93', 0, 0, 'Lulus'),
(3099, 179, 11, 0, '90.53', 0, 0, 'Lulus'),
(3100, 180, 11, 0, '88.27', 0, 0, 'Lulus'),
(3101, 181, 11, 0, '86.67', 0, 0, 'Lulus'),
(3102, 182, 11, 0, '88.27', 0, 0, 'Lulus'),
(3103, 183, 11, 0, '89.20', 0, 0, 'Lulus'),
(3104, 184, 11, 0, '90.67', 0, 0, 'Lulus'),
(3105, 185, 11, 0, '88.40', 0, 0, 'Lulus'),
(3106, 186, 11, 0, '88.40', 0, 0, 'Lulus'),
(3107, 187, 11, 0, '90.00', 0, 0, 'Lulus'),
(3108, 188, 11, 0, '89.87', 0, 0, 'Lulus'),
(3109, 189, 11, 0, '88.27', 0, 0, 'Lulus'),
(3110, 190, 11, 0, '89.87', 0, 0, 'Lulus'),
(3111, 191, 11, 0, '87.00', 0, 0, 'Lulus'),
(3112, 192, 11, 0, '91.33', 0, 0, 'Lulus'),
(3113, 193, 11, 0, '87.33', 0, 0, 'Lulus'),
(3114, 194, 11, 0, '89.87', 0, 0, 'Lulus'),
(3115, 195, 11, 0, '89.87', 0, 0, 'Lulus'),
(3116, 1, 12, 58.56, '85.31', 92, 78, 'Lulus'),
(3117, 2, 12, 0, '88.51', 0, 28.833333333333, 'Lulus'),
(3118, 3, 12, 0, '80.82', 0, 28.3, 'Lulus'),
(3119, 4, 12, 0, '87.04', 0, 30.233333333333, 'Lulus'),
(3120, 5, 12, 0, '76.90', 0, 29.933333333333, 'Lulus'),
(3121, 6, 12, 0, '84.12', 0, 30.8, 'Lulus'),
(3122, 7, 12, 0, '86.78', 0, 30.5, 'Lulus'),
(3123, 8, 12, 0, '87.47', 0, 28.4, 'Lulus'),
(3124, 9, 12, 0, '85.78', 0, 29.166666666667, 'Lulus'),
(3125, 10, 12, 0, '84.42', 0, 30.566666666667, 'Lulus'),
(3126, 11, 12, 0, '87.60', 0, 0, 'Lulus'),
(3127, 12, 12, 0, '84.71', 0, 0, 'Lulus'),
(3128, 13, 12, 0, '86.84', 0, 0, 'Lulus'),
(3129, 14, 12, 0, '85.91', 0, 0, 'Lulus'),
(3130, 15, 12, 0, '87.42', 0, 0, 'Lulus'),
(3131, 16, 12, 0, '87.51', 0, 0, 'Lulus'),
(3132, 17, 12, 0, '89.49', 0, 0, 'Lulus'),
(3133, 18, 12, 0, '90.22', 0, 0, 'Lulus'),
(3134, 19, 12, 0, '84.31', 0, 0, 'Lulus'),
(3135, 20, 12, 0, '86.84', 0, 0, 'Lulus'),
(3136, 21, 12, 0, '85.18', 0, 0, 'Lulus'),
(3137, 22, 12, 0, '89.22', 0, 0, 'Lulus'),
(3138, 23, 12, 0, '89.91', 0, 0, 'Lulus'),
(3139, 24, 12, 0, '89.91', 0, 0, 'Lulus'),
(3140, 25, 12, 0, '86.04', 0, 0, 'Lulus'),
(3141, 26, 12, 0, '86.84', 0, 0, 'Lulus'),
(3142, 27, 12, 0, '86.88', 0, 0, 'Lulus'),
(3143, 28, 12, 0, '88.64', 0, 0, 'Lulus'),
(3144, 29, 12, 0, '87.84', 0, 0, 'Lulus'),
(3145, 30, 12, 0, '89.44', 0, 0, 'Lulus'),
(3146, 31, 12, 0, '85.49', 0, 0, 'Lulus'),
(3147, 32, 12, 0, '90.44', 0, 0, 'Lulus'),
(3148, 33, 12, 0, '86.51', 0, 0, 'Lulus'),
(3149, 34, 12, 0, '85.48', 0, 0, 'Lulus'),
(3150, 35, 12, 0, '85.98', 0, 0, 'Lulus'),
(3151, 36, 12, 0, '86.11', 0, 0, 'Lulus'),
(3152, 37, 12, 0, '85.67', 0, 0, 'Lulus'),
(3153, 38, 12, 0, '85.84', 0, 0, 'Lulus'),
(3154, 39, 12, 0, '82.20', 0, 0, 'Lulus'),
(3155, 40, 12, 0, '87.71', 0, 0, 'Lulus'),
(3156, 41, 12, 0, '82.78', 0, 0, 'Lulus'),
(3157, 42, 12, 0, '85.80', 0, 0, 'Lulus'),
(3158, 43, 12, 0, '83.84', 0, 0, 'Lulus'),
(3159, 44, 12, 0, '86.91', 0, 0, 'Lulus'),
(3160, 45, 12, 0, '84.82', 0, 0, 'Lulus'),
(3161, 46, 12, 0, '86.42', 0, 0, 'Lulus'),
(3162, 47, 12, 0, '83.58', 0, 0, 'Lulus'),
(3163, 48, 12, 0, '82.60', 0, 0, 'Lulus'),
(3164, 49, 12, 0, '87.18', 0, 0, 'Lulus'),
(3165, 50, 12, 0, '83.58', 0, 0, 'Lulus'),
(3166, 51, 12, 0, '85.60', 0, 0, 'Lulus'),
(3167, 52, 12, 0, '81.27', 0, 0, 'Lulus'),
(3168, 53, 12, 0, '85.71', 0, 0, 'Lulus'),
(3169, 54, 12, 0, '84.98', 0, 0, 'Lulus'),
(3170, 55, 12, 0, '82.07', 0, 0, 'Lulus'),
(3171, 56, 12, 0, '83.96', 0, 0, 'Lulus'),
(3172, 57, 12, 0, '88.24', 0, 0, 'Lulus'),
(3173, 58, 12, 0, '84.18', 0, 0, 'Lulus'),
(3174, 59, 12, 0, '85.86', 0, 0, 'Lulus'),
(3175, 60, 12, 0, '85.18', 0, 0, 'Lulus'),
(3176, 61, 12, 0, '85.18', 0, 0, 'Lulus'),
(3177, 62, 12, 0, '84.64', 0, 0, 'Lulus'),
(3178, 63, 12, 0, '84.67', 0, 0, 'Lulus'),
(3179, 64, 12, 0, '85.44', 0, 0, 'Lulus'),
(3180, 65, 12, 0, '81.71', 0, 0, 'Lulus'),
(3181, 66, 12, 0, '84.51', 0, 0, 'Lulus'),
(3182, 67, 12, 0, '86.13', 0, 0, 'Lulus'),
(3183, 68, 12, 0, '85.44', 0, 0, 'Lulus'),
(3184, 69, 12, 0, '88.47', 0, 0, 'Lulus'),
(3185, 70, 12, 0, '85.87', 0, 0, 'Lulus'),
(3186, 71, 12, 0, '89.38', 0, 0, 'Lulus'),
(3187, 72, 12, 0, '87.98', 0, 0, 'Lulus'),
(3188, 73, 12, 0, '78.01', 0, 0, 'Lulus'),
(3189, 74, 12, 0, '90.04', 0, 0, 'Lulus'),
(3190, 75, 12, 0, '84.38', 0, 0, 'Lulus'),
(3191, 76, 12, 0, '88.93', 0, 0, 'Lulus'),
(3192, 77, 12, 0, '89.51', 0, 0, 'Lulus'),
(3193, 78, 12, 0, '84.01', 0, 0, 'Lulus'),
(3194, 79, 12, 0, '89.91', 0, 0, 'Lulus'),
(3195, 80, 12, 0, '79.12', 0, 0, 'Lulus'),
(3196, 81, 12, 0, '87.31', 0, 0, 'Lulus'),
(3197, 82, 12, 0, '87.64', 0, 0, 'Lulus'),
(3198, 83, 12, 0, '80.29', 0, 0, 'Lulus'),
(3199, 84, 12, 0, '87.83', 0, 0, 'Lulus'),
(3200, 85, 12, 0, '85.00', 0, 0, 'Lulus'),
(3201, 86, 12, 0, '80.42', 0, 0, 'Lulus'),
(3202, 87, 12, 0, '82.78', 0, 0, 'Lulus'),
(3203, 88, 12, 0, '87.02', 0, 0, 'Lulus'),
(3204, 89, 12, 0, '84.20', 0, 0, 'Lulus'),
(3205, 90, 12, 0, '82.34', 0, 0, 'Lulus'),
(3206, 91, 12, 0, '87.13', 0, 0, 'Lulus'),
(3207, 92, 12, 0, '87.78', 0, 0, 'Lulus'),
(3208, 93, 12, 0, '84.11', 0, 0, 'Lulus'),
(3209, 94, 12, 0, '87.47', 0, 0, 'Lulus'),
(3210, 95, 12, 0, '76.87', 0, 0, 'Lulus'),
(3211, 96, 12, 0, '84.91', 0, 0, 'Lulus'),
(3212, 97, 12, 0, '85.51', 0, 0, 'Lulus'),
(3213, 98, 12, 0, '89.51', 0, 0, 'Lulus'),
(3214, 99, 12, 0, '87.93', 0, 0, 'Lulus'),
(3215, 100, 12, 0, '83.67', 0, 0, 'Lulus'),
(3216, 101, 12, 0, '83.91', 0, 0, 'Lulus'),
(3217, 102, 12, 0, '84.58', 0, 0, 'Lulus'),
(3218, 103, 12, 0, '83.87', 0, 0, 'Lulus'),
(3219, 104, 12, 0, '91.71', 0, 0, 'Lulus'),
(3220, 105, 12, 0, '87.91', 0, 0, 'Lulus'),
(3221, 106, 12, 0, '86.49', 0, 0, 'Lulus'),
(3222, 107, 12, 0, '88.44', 0, 0, 'Lulus'),
(3223, 108, 12, 0, '88.78', 0, 0, 'Lulus'),
(3224, 109, 12, 0, '85.82', 0, 0, 'Lulus'),
(3225, 110, 12, 0, '91.20', 0, 0, 'Lulus'),
(3226, 111, 12, 0, '89.29', 0, 0, 'Lulus'),
(3227, 112, 12, 0, '90.69', 0, 0, 'Lulus'),
(3228, 113, 12, 0, '90.32', 0, 0, 'Lulus'),
(3229, 114, 12, 0, '86.31', 0, 0, 'Lulus'),
(3230, 115, 12, 0, '87.42', 0, 0, 'Lulus'),
(3231, 116, 12, 0, '88.64', 0, 0, 'Lulus'),
(3232, 117, 12, 0, '87.64', 0, 0, 'Lulus'),
(3233, 118, 12, 0, '87.07', 0, 0, 'Lulus'),
(3234, 119, 12, 0, '89.91', 0, 0, 'Lulus'),
(3235, 120, 12, 0, '91.38', 0, 0, 'Lulus'),
(3236, 121, 12, 0, '90.78', 0, 0, 'Lulus'),
(3237, 122, 12, 0, '88.91', 0, 0, 'Lulus'),
(3238, 123, 12, 0, '88.78', 0, 0, 'Lulus'),
(3239, 124, 12, 0, '88.33', 0, 0, 'Lulus'),
(3240, 125, 12, 0, '87.53', 0, 0, 'Lulus'),
(3241, 126, 12, 0, '90.42', 0, 0, 'Lulus'),
(3242, 127, 12, 0, '89.82', 0, 0, 'Lulus'),
(3243, 128, 12, 0, '90.36', 0, 0, 'Lulus'),
(3244, 129, 12, 0, '92.24', 0, 0, 'Lulus'),
(3245, 130, 12, 0, '88.40', 0, 0, 'Lulus'),
(3246, 131, 12, 0, '88.22', 0, 0, 'Lulus'),
(3247, 132, 12, 0, '89.00', 0, 0, 'Lulus'),
(3248, 133, 12, 0, '87.88', 0, 0, 'Lulus'),
(3249, 134, 12, 0, '87.07', 0, 0, 'Lulus'),
(3250, 135, 12, 0, '91.82', 0, 0, 'Lulus'),
(3251, 136, 12, 0, '86.84', 0, 0, 'Lulus'),
(3252, 137, 12, 0, '90.82', 0, 0, 'Lulus'),
(3253, 138, 12, 0, '82.88', 0, 0, 'Lulus'),
(3254, 139, 12, 0, '86.42', 0, 0, 'Lulus'),
(3255, 140, 12, 0, '86.44', 0, 0, 'Lulus'),
(3256, 141, 12, 0, '90.04', 0, 0, 'Lulus'),
(3257, 142, 12, 0, '83.89', 0, 0, 'Lulus'),
(3258, 143, 12, 0, '85.11', 0, 0, 'Lulus'),
(3259, 144, 12, 0, '86.11', 0, 0, 'Lulus'),
(3260, 145, 12, 0, '86.02', 0, 0, 'Lulus'),
(3261, 146, 12, 0, '90.71', 0, 0, 'Lulus'),
(3262, 147, 12, 0, '89.69', 0, 0, 'Lulus'),
(3263, 148, 12, 0, '84.02', 0, 0, 'Lulus'),
(3264, 149, 12, 0, '82.04', 0, 0, 'Lulus'),
(3265, 150, 12, 0, '90.71', 0, 0, 'Lulus'),
(3266, 151, 12, 0, '89.58', 0, 0, 'Lulus'),
(3267, 152, 12, 0, '81.31', 0, 0, 'Lulus'),
(3268, 153, 12, 0, '84.38', 0, 0, 'Lulus'),
(3269, 154, 12, 0, '86.00', 0, 0, 'Lulus'),
(3270, 155, 12, 0, '85.71', 0, 0, 'Lulus'),
(3271, 156, 12, 0, '86.58', 0, 0, 'Lulus'),
(3272, 157, 12, 0, '84.31', 0, 0, 'Lulus'),
(3273, 158, 12, 0, '86.44', 0, 0, 'Lulus'),
(3274, 159, 12, 0, '85.44', 0, 0, 'Lulus'),
(3275, 160, 12, 0, '81.69', 0, 0, 'Lulus'),
(3276, 161, 12, 0, '85.82', 0, 0, 'Lulus'),
(3277, 162, 12, 0, '86.47', 0, 0, 'Lulus'),
(3278, 163, 12, 0, '84.47', 0, 0, 'Lulus'),
(3279, 164, 12, 0, '80.49', 0, 0, 'Lulus'),
(3280, 165, 12, 0, '85.16', 0, 0, 'Lulus'),
(3281, 166, 12, 0, '85.51', 0, 0, 'Lulus'),
(3282, 167, 12, 0, '84.11', 0, 0, 'Lulus'),
(3283, 168, 12, 0, '90.98', 0, 0, 'Lulus'),
(3284, 169, 12, 0, '83.31', 0, 0, 'Lulus'),
(3285, 170, 12, 0, '77.87', 0, 0, 'Lulus'),
(3286, 171, 12, 0, '83.82', 0, 0, 'Lulus'),
(3287, 172, 12, 0, '82.38', 0, 0, 'Lulus'),
(3288, 173, 12, 0, '89.36', 0, 0, 'Lulus'),
(3289, 174, 12, 0, '87.58', 0, 0, 'Lulus'),
(3290, 175, 12, 0, '87.39', 0, 0, 'Lulus'),
(3291, 176, 12, 0, '83.79', 0, 0, 'Lulus'),
(3292, 177, 12, 0, '85.03', 0, 0, 'Lulus'),
(3293, 178, 12, 0, '86.51', 0, 0, 'Lulus'),
(3294, 179, 12, 0, '90.00', 0, 0, 'Lulus'),
(3295, 180, 12, 0, '86.77', 0, 0, 'Lulus'),
(3296, 181, 12, 0, '82.89', 0, 0, 'Lulus'),
(3297, 182, 12, 0, '86.64', 0, 0, 'Lulus'),
(3298, 183, 12, 0, '88.64', 0, 0, 'Lulus'),
(3299, 184, 12, 0, '89.51', 0, 0, 'Lulus'),
(3300, 185, 12, 0, '87.40', 0, 0, 'Lulus'),
(3301, 186, 12, 0, '85.87', 0, 0, 'Lulus'),
(3302, 187, 12, 0, '85.16', 0, 0, 'Lulus'),
(3303, 188, 12, 0, '90.68', 0, 0, 'Lulus'),
(3304, 189, 12, 0, '87.20', 0, 0, 'Lulus'),
(3305, 190, 12, 0, '89.31', 0, 0, 'Lulus'),
(3306, 191, 12, 0, '86.70', 0, 0, 'Lulus'),
(3307, 192, 12, 0, '87.93', 0, 0, 'Lulus'),
(3308, 193, 12, 0, '85.69', 0, 0, 'Lulus'),
(3309, 194, 12, 0, '86.30', 0, 0, 'Lulus'),
(3310, 195, 12, 0, '89.78', 0, 0, 'Lulus'),
(3311, 1, 13, 0, '89.27', 0, 29.7, 'Lulus'),
(3312, 2, 13, 0, '92.93', 0, 29.766666666667, 'Lulus'),
(3313, 3, 13, 0, '79.39', 0, 28.633333333333, 'Lulus'),
(3314, 4, 13, 0, '90.78', 0, 31.333333333333, 'Lulus'),
(3315, 5, 13, 0, '76.10', 0, 29.033333333333, 'Lulus'),
(3316, 6, 13, 0, '86.42', 0, 29.733333333333, 'Lulus'),
(3317, 7, 13, 0, '92.38', 0, 30.466666666667, 'Lulus'),
(3318, 8, 13, 0, '92.42', 0, 30.833333333333, 'Lulus'),
(3319, 9, 13, 0, '92.60', 0, 28.3, 'Lulus'),
(3320, 10, 13, 0, '90.67', 0, 30.066666666667, 'Lulus'),
(3321, 11, 13, 0, '92.00', 0, 0, 'Lulus'),
(3322, 12, 13, 0, '91.03', 0, 0, 'Lulus'),
(3323, 13, 13, 0, '92.71', 0, 0, 'Lulus'),
(3324, 14, 13, 0, '85.20', 0, 0, 'Lulus'),
(3325, 15, 13, 0, '92.00', 0, 0, 'Lulus'),
(3326, 16, 13, 0, '91.27', 0, 0, 'Lulus'),
(3327, 17, 13, 0, '92.49', 0, 0, 'Lulus'),
(3328, 18, 13, 0, '94.40', 0, 0, 'Lulus'),
(3329, 19, 13, 0, '92.00', 0, 0, 'Lulus'),
(3330, 20, 13, 0, '91.16', 0, 0, 'Lulus'),
(3331, 21, 13, 0, '81.32', 0, 0, 'Lulus'),
(3332, 22, 13, 0, '90.04', 0, 0, 'Lulus'),
(3333, 23, 13, 0, '88.40', 0, 0, 'Lulus'),
(3334, 24, 13, 0, '90.80', 0, 0, 'Lulus'),
(3335, 25, 13, 0, '90.17', 0, 0, 'Lulus'),
(3336, 26, 13, 0, '91.33', 0, 0, 'Lulus'),
(3337, 27, 13, 0, '90.13', 0, 0, 'Lulus'),
(3338, 28, 13, 0, '91.29', 0, 0, 'Lulus'),
(3339, 29, 13, 0, '93.60', 0, 0, 'Lulus'),
(3340, 30, 13, 0, '93.60', 0, 0, 'Lulus'),
(3341, 31, 13, 0, '82.69', 0, 0, 'Lulus'),
(3342, 32, 13, 0, '92.76', 0, 0, 'Lulus'),
(3343, 33, 13, 0, '87.71', 0, 0, 'Lulus'),
(3344, 34, 13, 0, '85.19', 0, 0, 'Lulus'),
(3345, 35, 13, 0, '87.59', 0, 0, 'Lulus'),
(3346, 36, 13, 0, '92.47', 0, 0, 'Lulus'),
(3347, 37, 13, 0, '92.49', 0, 0, 'Lulus'),
(3348, 38, 13, 0, '83.96', 0, 0, 'Lulus'),
(3349, 39, 13, 0, '86.36', 0, 0, 'Lulus'),
(3350, 40, 13, 0, '90.43', 0, 0, 'Lulus'),
(3351, 41, 13, 0, '87.34', 0, 0, 'Lulus'),
(3352, 42, 13, 0, '90.24', 0, 0, 'Lulus'),
(3353, 43, 13, 0, '90.19', 0, 0, 'Lulus'),
(3354, 44, 13, 0, '93.60', 0, 0, 'Lulus'),
(3355, 45, 13, 0, '92.36', 0, 0, 'Lulus'),
(3356, 46, 13, 0, '92.80', 0, 0, 'Lulus'),
(3357, 47, 13, 0, '90.50', 0, 0, 'Lulus'),
(3358, 48, 13, 0, '89.42', 0, 0, 'Lulus'),
(3359, 49, 13, 0, '90.52', 0, 0, 'Lulus'),
(3360, 50, 13, 0, '80.69', 0, 0, 'Lulus'),
(3361, 51, 13, 0, '90.24', 0, 0, 'Lulus'),
(3362, 52, 13, 0, '87.83', 0, 0, 'Lulus'),
(3363, 53, 13, 0, '92.78', 0, 0, 'Lulus'),
(3364, 54, 13, 0, '90.36', 0, 0, 'Lulus'),
(3365, 55, 13, 0, '89.73', 0, 0, 'Lulus'),
(3366, 56, 13, 0, '91.69', 0, 0, 'Lulus'),
(3367, 57, 13, 0, '83.20', 0, 0, 'Lulus'),
(3368, 58, 13, 0, '92.80', 0, 0, 'Lulus'),
(3369, 59, 13, 0, '90.13', 0, 0, 'Lulus'),
(3370, 60, 13, 0, '80.76', 0, 0, 'Lulus'),
(3371, 61, 13, 0, '88.82', 0, 0, 'Lulus'),
(3372, 62, 13, 0, '90.47', 0, 0, 'Lulus'),
(3373, 63, 13, 0, '92.13', 0, 0, 'Lulus'),
(3374, 64, 13, 0, '90.40', 0, 0, 'Lulus'),
(3375, 65, 13, 0, '85.87', 0, 0, 'Lulus'),
(3376, 66, 13, 0, '90.22', 0, 0, 'Lulus'),
(3377, 67, 13, 0, '80.59', 0, 0, 'Lulus'),
(3378, 68, 13, 0, '92.13', 0, 0, 'Lulus'),
(3379, 69, 13, 0, '84.11', 0, 0, 'Lulus'),
(3380, 70, 13, 0, '90.80', 0, 0, 'Lulus'),
(3381, 71, 13, 0, '94.53', 0, 0, 'Lulus'),
(3382, 72, 13, 0, '90.49', 0, 0, 'Lulus'),
(3383, 73, 13, 0, '78.57', 0, 0, 'Lulus'),
(3384, 74, 13, 0, '94.67', 0, 0, 'Lulus'),
(3385, 75, 13, 0, '88.09', 0, 0, 'Lulus'),
(3386, 76, 13, 0, '92.42', 0, 0, 'Lulus'),
(3387, 77, 13, 0, '90.04', 0, 0, 'Lulus'),
(3388, 78, 13, 0, '89.40', 0, 0, 'Lulus'),
(3389, 79, 13, 0, '92.92', 0, 0, 'Lulus'),
(3390, 80, 13, 0, '76.99', 0, 0, 'Lulus'),
(3391, 81, 13, 0, '92.80', 0, 0, 'Lulus'),
(3392, 82, 13, 0, '92.24', 0, 0, 'Lulus'),
(3393, 83, 13, 0, '78.46', 0, 0, 'Lulus'),
(3394, 84, 13, 0, '91.98', 0, 0, 'Lulus'),
(3395, 85, 13, 0, '78.18', 0, 0, 'Lulus'),
(3396, 86, 13, 0, '82.54', 0, 0, 'Lulus'),
(3397, 87, 13, 0, '89.73', 0, 0, 'Lulus'),
(3398, 88, 13, 0, '92.80', 0, 0, 'Lulus'),
(3399, 89, 13, 0, '85.96', 0, 0, 'Lulus'),
(3400, 90, 13, 0, '89.36', 0, 0, 'Lulus'),
(3401, 91, 13, 0, '90.66', 0, 0, 'Lulus'),
(3402, 92, 13, 0, '89.93', 0, 0, 'Lulus'),
(3403, 93, 13, 0, '88.13', 0, 0, 'Lulus'),
(3404, 94, 13, 0, '90.16', 0, 0, 'Lulus'),
(3405, 95, 13, 0, '84.07', 0, 0, 'Lulus'),
(3406, 96, 13, 0, '89.07', 0, 0, 'Lulus'),
(3407, 97, 13, 0, '85.07', 0, 0, 'Lulus'),
(3408, 98, 13, 0, '96.00', 0, 0, 'Lulus'),
(3409, 99, 13, 0, '93.96', 0, 0, 'Lulus'),
(3410, 100, 13, 0, '90.36', 0, 0, 'Lulus'),
(3411, 101, 13, 0, '89.82', 0, 0, 'Lulus'),
(3412, 102, 13, 0, '89.60', 0, 0, 'Lulus'),
(3413, 103, 13, 0, '90.22', 0, 0, 'Lulus'),
(3414, 104, 13, 0, '95.06', 0, 0, 'Lulus'),
(3415, 105, 13, 0, '93.18', 0, 0, 'Lulus'),
(3416, 106, 13, 0, '87.86', 0, 0, 'Lulus'),
(3417, 107, 13, 0, '94.40', 0, 0, 'Lulus'),
(3418, 108, 13, 0, '93.07', 0, 0, 'Lulus'),
(3419, 109, 13, 0, '91.47', 0, 0, 'Lulus'),
(3420, 110, 13, 0, '94.67', 0, 0, 'Lulus'),
(3421, 111, 13, 0, '94.00', 0, 0, 'Lulus'),
(3422, 112, 13, 0, '93.53', 0, 0, 'Lulus'),
(3423, 113, 13, 0, '94.00', 0, 0, 'Lulus'),
(3424, 114, 13, 0, '93.73', 0, 0, 'Lulus'),
(3425, 115, 13, 0, '93.73', 0, 0, 'Lulus'),
(3426, 116, 13, 0, '91.96', 0, 0, 'Lulus'),
(3427, 117, 13, 0, '92.93', 0, 0, 'Lulus'),
(3428, 118, 13, 0, '89.32', 0, 0, 'Lulus'),
(3429, 119, 13, 0, '93.73', 0, 0, 'Lulus'),
(3430, 120, 13, 0, '94.67', 0, 0, 'Lulus'),
(3431, 121, 13, 0, '94.40', 0, 0, 'Lulus'),
(3432, 122, 13, 0, '92.96', 0, 0, 'Lulus'),
(3433, 123, 13, 0, '93.29', 0, 0, 'Lulus'),
(3434, 124, 13, 0, '93.72', 0, 0, 'Lulus'),
(3435, 125, 13, 0, '93.47', 0, 0, 'Lulus'),
(3436, 126, 13, 0, '95.33', 0, 0, 'Lulus'),
(3437, 127, 13, 0, '95.47', 0, 0, 'Lulus'),
(3438, 128, 13, 0, '96.00', 0, 0, 'Lulus'),
(3439, 129, 13, 0, '94.27', 0, 0, 'Lulus'),
(3440, 130, 13, 0, '92.80', 0, 0, 'Lulus'),
(3441, 131, 13, 0, '94.40', 0, 0, 'Lulus'),
(3442, 132, 13, 0, '94.20', 0, 0, 'Lulus'),
(3443, 133, 13, 0, '92.07', 0, 0, 'Lulus'),
(3444, 134, 13, 0, '89.56', 0, 0, 'Lulus'),
(3445, 135, 13, 0, '93.20', 0, 0, 'Lulus'),
(3446, 136, 13, 0, '92.80', 0, 0, 'Lulus'),
(3447, 137, 13, 0, '95.33', 0, 0, 'Lulus'),
(3448, 138, 13, 0, '91.87', 0, 0, 'Lulus'),
(3449, 139, 13, 0, '90.76', 0, 0, 'Lulus'),
(3450, 140, 13, 0, '91.20', 0, 0, 'Lulus'),
(3451, 141, 13, 0, '95.56', 0, 0, 'Lulus'),
(3452, 142, 13, 0, '89.46', 0, 0, 'Lulus'),
(3453, 143, 13, 0, '88.62', 0, 0, 'Lulus'),
(3454, 144, 13, 0, '88.62', 0, 0, 'Lulus'),
(3455, 145, 13, 0, '91.20', 0, 0, 'Lulus'),
(3456, 146, 13, 0, '95.56', 0, 0, 'Lulus'),
(3457, 147, 13, 0, '91.16', 0, 0, 'Lulus'),
(3458, 148, 13, 0, '87.93', 0, 0, 'Lulus'),
(3459, 149, 13, 0, '87.80', 0, 0, 'Lulus'),
(3460, 150, 13, 0, '92.76', 0, 0, 'Lulus'),
(3461, 151, 13, 0, '96.00', 0, 0, 'Lulus'),
(3462, 152, 13, 0, '86.82', 0, 0, 'Lulus'),
(3463, 153, 13, 0, '88.24', 0, 0, 'Lulus'),
(3464, 154, 13, 0, '91.33', 0, 0, 'Lulus'),
(3465, 155, 13, 0, '91.87', 0, 0, 'Lulus'),
(3466, 156, 13, 0, '90.87', 0, 0, 'Lulus'),
(3467, 157, 13, 0, '88.60', 0, 0, 'Lulus'),
(3468, 158, 13, 0, '89.87', 0, 0, 'Lulus'),
(3469, 159, 13, 0, '89.96', 0, 0, 'Lulus'),
(3470, 160, 13, 0, '84.79', 0, 0, 'Lulus'),
(3471, 161, 13, 0, '89.29', 0, 0, 'Lulus'),
(3472, 162, 13, 0, '91.20', 0, 0, 'Lulus'),
(3473, 163, 13, 0, '89.76', 0, 0, 'Lulus'),
(3474, 164, 13, 0, '82.20', 0, 0, 'Lulus'),
(3475, 165, 13, 0, '89.87', 0, 0, 'Lulus'),
(3476, 166, 13, 0, '88.51', 0, 0, 'Lulus'),
(3477, 167, 13, 0, '88.49', 0, 0, 'Lulus'),
(3478, 168, 13, 0, '96.00', 0, 0, 'Lulus'),
(3479, 169, 13, 0, '88.49', 0, 0, 'Lulus'),
(3480, 170, 13, 0, '78.78', 0, 0, 'Lulus'),
(3481, 171, 13, 0, '88.93', 0, 0, 'Lulus'),
(3482, 172, 13, 0, '88.28', 0, 0, 'Lulus'),
(3483, 173, 13, 0, '92.83', 0, 0, 'Lulus'),
(3484, 174, 13, 0, '93.60', 0, 0, 'Lulus'),
(3485, 175, 13, 0, '93.71', 0, 0, 'Lulus'),
(3486, 176, 13, 0, '90.22', 0, 0, 'Lulus'),
(3487, 177, 13, 0, '90.67', 0, 0, 'Lulus'),
(3488, 178, 13, 0, '93.27', 0, 0, 'Lulus'),
(3489, 179, 13, 0, '93.42', 0, 0, 'Lulus'),
(3490, 180, 13, 0, '92.36', 0, 0, 'Lulus'),
(3491, 181, 13, 0, '91.87', 0, 0, 'Lulus'),
(3492, 182, 13, 0, '92.16', 0, 0, 'Lulus'),
(3493, 183, 13, 0, '92.64', 0, 0, 'Lulus'),
(3494, 184, 13, 0, '92.33', 0, 0, 'Lulus'),
(3495, 185, 13, 0, '94.40', 0, 0, 'Lulus'),
(3496, 186, 13, 0, '90.73', 0, 0, 'Lulus'),
(3497, 187, 13, 0, '90.78', 0, 0, 'Lulus'),
(3498, 188, 13, 0, '89.42', 0, 0, 'Lulus'),
(3499, 189, 13, 0, '92.93', 0, 0, 'Lulus'),
(3500, 190, 13, 0, '88.04', 0, 0, 'Lulus'),
(3501, 191, 13, 0, '90.00', 0, 0, 'Lulus'),
(3502, 192, 13, 0, '96.00', 0, 0, 'Lulus'),
(3503, 193, 13, 0, '90.67', 0, 0, 'Lulus'),
(3504, 194, 13, 0, '95.20', 0, 0, 'Lulus'),
(3505, 195, 13, 0, '92.20', 0, 0, 'Lulus'),
(3506, 1, 14, 0, '87.90', 0, 30.466666666667, 'Lulus'),
(3507, 2, 14, 0, '90.49', 0, 29.533333333333, 'Lulus'),
(3508, 3, 14, 0, '80.49', 0, 29.266666666667, 'Lulus'),
(3509, 4, 14, 0, '88.04', 0, 29.233333333333, 'Lulus'),
(3510, 5, 14, 0, '75.06', 0, 29.533333333333, 'Lulus'),
(3511, 6, 14, 0, '88.44', 0, 30.833333333333, 'Lulus'),
(3512, 7, 14, 0, '91.24', 0, 30.333333333333, 'Lulus'),
(3513, 8, 14, 0, '91.11', 0, 30.333333333333, 'Lulus'),
(3514, 9, 14, 0, '90.80', 0, 27.633333333333, 'Lulus'),
(3515, 10, 14, 0, '87.78', 0, 30.033333333333, 'Lulus'),
(3516, 11, 14, 0, '89.38', 0, 0, 'Lulus'),
(3517, 12, 14, 0, '90.00', 0, 0, 'Lulus'),
(3518, 13, 14, 0, '90.93', 0, 0, 'Lulus'),
(3519, 14, 14, 0, '82.83', 0, 0, 'Lulus'),
(3520, 15, 14, 0, '88.04', 0, 0, 'Lulus'),
(3521, 16, 14, 0, '89.60', 0, 0, 'Lulus'),
(3522, 17, 14, 0, '89.11', 0, 0, 'Lulus'),
(3523, 18, 14, 0, '91.60', 0, 0, 'Lulus'),
(3524, 19, 14, 0, '88.58', 0, 0, 'Lulus'),
(3525, 20, 14, 0, '90.91', 0, 0, 'Lulus'),
(3526, 21, 14, 0, '82.18', 0, 0, 'Lulus'),
(3527, 22, 14, 0, '92.27', 0, 0, 'Lulus'),
(3528, 23, 14, 0, '89.40', 0, 0, 'Lulus'),
(3529, 24, 14, 0, '90.33', 0, 0, 'Lulus'),
(3530, 25, 14, 0, '89.11', 0, 0, 'Lulus'),
(3531, 26, 14, 0, '89.73', 0, 0, 'Lulus'),
(3532, 27, 14, 0, '89.11', 0, 0, 'Lulus'),
(3533, 28, 14, 0, '91.38', 0, 0, 'Lulus'),
(3534, 29, 14, 0, '91.07', 0, 0, 'Lulus'),
(3535, 30, 14, 0, '90.00', 0, 0, 'Lulus'),
(3536, 31, 14, 0, '85.98', 0, 0, 'Lulus'),
(3537, 32, 14, 0, '92.53', 0, 0, 'Lulus'),
(3538, 33, 14, 0, '88.27', 0, 0, 'Lulus'),
(3539, 34, 14, 0, '86.44', 0, 0, 'Lulus'),
(3540, 35, 14, 0, '87.11', 0, 0, 'Lulus'),
(3541, 36, 14, 0, '89.82', 0, 0, 'Lulus'),
(3542, 37, 14, 0, '90.71', 0, 0, 'Lulus'),
(3543, 38, 14, 0, '88.71', 0, 0, 'Lulus'),
(3544, 39, 14, 0, '88.04', 0, 0, 'Lulus'),
(3545, 40, 14, 0, '90.98', 0, 0, 'Lulus'),
(3546, 41, 14, 0, '87.64', 0, 0, 'Lulus'),
(3547, 42, 14, 0, '90.93', 0, 0, 'Lulus'),
(3548, 43, 14, 0, '89.91', 0, 0, 'Lulus'),
(3549, 44, 14, 0, '89.29', 0, 0, 'Lulus'),
(3550, 45, 14, 0, '89.78', 0, 0, 'Lulus'),
(3551, 46, 14, 0, '90.71', 0, 0, 'Lulus'),
(3552, 47, 14, 0, '86.07', 0, 0, 'Lulus'),
(3553, 48, 14, 0, '88.04', 0, 0, 'Lulus'),
(3554, 49, 14, 0, '88.44', 0, 0, 'Lulus'),
(3555, 50, 14, 0, '87.38', 0, 0, 'Lulus'),
(3556, 51, 14, 0, '90.80', 0, 0, 'Lulus'),
(3557, 52, 14, 0, '85.63', 0, 0, 'Lulus'),
(3558, 53, 14, 0, '91.16', 0, 0, 'Lulus'),
(3559, 54, 14, 0, '90.71', 0, 0, 'Lulus'),
(3560, 55, 14, 0, '85.98', 0, 0, 'Lulus'),
(3561, 56, 14, 0, '87.86', 0, 0, 'Lulus'),
(3562, 57, 14, 0, '92.36', 0, 0, 'Lulus'),
(3563, 58, 14, 0, '88.82', 0, 0, 'Lulus'),
(3564, 59, 14, 0, '88.78', 0, 0, 'Lulus'),
(3565, 60, 14, 0, '89.13', 0, 0, 'Lulus'),
(3566, 61, 14, 0, '89.24', 0, 0, 'Lulus'),
(3567, 62, 14, 0, '90.84', 0, 0, 'Lulus'),
(3568, 63, 14, 0, '91.07', 0, 0, 'Lulus'),
(3569, 64, 14, 0, '90.84', 0, 0, 'Lulus'),
(3570, 65, 14, 0, '84.18', 0, 0, 'Lulus'),
(3571, 66, 14, 0, '89.20', 0, 0, 'Lulus'),
(3572, 67, 14, 0, '88.51', 0, 0, 'Lulus'),
(3573, 68, 14, 0, '89.24', 0, 0, 'Lulus'),
(3574, 69, 14, 0, '91.78', 0, 0, 'Lulus'),
(3575, 70, 14, 0, '89.24', 0, 0, 'Lulus'),
(3576, 71, 14, 0, '88.31', 0, 0, 'Lulus'),
(3577, 72, 14, 0, '92.13', 0, 0, 'Lulus'),
(3578, 73, 14, 0, '76.71', 0, 0, 'Lulus'),
(3579, 74, 14, 0, '92.78', 0, 0, 'Lulus'),
(3580, 75, 14, 0, '88.71', 0, 0, 'Lulus'),
(3581, 76, 14, 0, '89.41', 0, 0, 'Lulus'),
(3582, 77, 14, 0, '92.44', 0, 0, 'Lulus'),
(3583, 78, 14, 0, '89.20', 0, 0, 'Lulus'),
(3584, 79, 14, 0, '91.73', 0, 0, 'Lulus'),
(3585, 80, 14, 0, '78.23', 0, 0, 'Lulus'),
(3586, 81, 14, 0, '90.04', 0, 0, 'Lulus'),
(3587, 82, 14, 0, '90.44', 0, 0, 'Lulus'),
(3588, 83, 14, 0, '81.60', 0, 0, 'Lulus'),
(3589, 84, 14, 0, '90.44', 0, 0, 'Lulus'),
(3590, 85, 14, 0, '89.20', 0, 0, 'Lulus'),
(3591, 86, 14, 0, '79.17', 0, 0, 'Lulus'),
(3592, 87, 14, 0, '86.16', 0, 0, 'Lulus'),
(3593, 88, 14, 0, '88.93', 0, 0, 'Lulus'),
(3594, 89, 14, 0, '89.24', 0, 0, 'Lulus'),
(3595, 90, 14, 0, '87.27', 0, 0, 'Lulus'),
(3596, 91, 14, 0, '91.73', 0, 0, 'Lulus'),
(3597, 92, 14, 0, '89.13', 0, 0, 'Lulus'),
(3598, 93, 14, 0, '87.60', 0, 0, 'Lulus'),
(3599, 94, 14, 0, '91.33', 0, 0, 'Lulus'),
(3600, 95, 14, 0, '84.64', 0, 0, 'Lulus'),
(3601, 96, 14, 0, '87.49', 0, 0, 'Lulus'),
(3602, 97, 14, 0, '84.56', 0, 0, 'Lulus'),
(3603, 98, 14, 0, '93.64', 0, 0, 'Lulus'),
(3604, 99, 14, 0, '92.67', 0, 0, 'Lulus'),
(3605, 100, 14, 0, '88.60', 0, 0, 'Lulus'),
(3606, 101, 14, 0, '84.00', 0, 0, 'Lulus'),
(3607, 102, 14, 0, '86.93', 0, 0, 'Lulus'),
(3608, 103, 14, 0, '85.13', 0, 0, 'Lulus'),
(3609, 104, 14, 0, '94.40', 0, 0, 'Lulus'),
(3610, 105, 14, 0, '92.60', 0, 0, 'Lulus'),
(3611, 106, 14, 0, '89.54', 0, 0, 'Lulus'),
(3612, 107, 14, 0, '93.11', 0, 0, 'Lulus'),
(3613, 108, 14, 0, '92.48', 0, 0, 'Lulus'),
(3614, 109, 14, 0, '91.11', 0, 0, 'Lulus'),
(3615, 110, 14, 0, '93.64', 0, 0, 'Lulus'),
(3616, 111, 14, 0, '92.80', 0, 0, 'Lulus'),
(3617, 112, 14, 0, '94.13', 0, 0, 'Lulus'),
(3618, 113, 14, 0, '93.09', 0, 0, 'Lulus'),
(3619, 114, 14, 0, '92.80', 0, 0, 'Lulus'),
(3620, 115, 14, 0, '91.07', 0, 0, 'Lulus'),
(3621, 116, 14, 0, '92.71', 0, 0, 'Lulus'),
(3622, 117, 14, 0, '92.13', 0, 0, 'Lulus'),
(3623, 118, 14, 0, '90.67', 0, 0, 'Lulus'),
(3624, 119, 14, 0, '91.73', 0, 0, 'Lulus'),
(3625, 120, 14, 0, '94.69', 0, 0, 'Lulus'),
(3626, 121, 14, 0, '92.71', 0, 0, 'Lulus'),
(3627, 122, 14, 0, '92.58', 0, 0, 'Lulus'),
(3628, 123, 14, 0, '93.73', 0, 0, 'Lulus'),
(3629, 124, 14, 0, '92.58', 0, 0, 'Lulus'),
(3630, 125, 14, 0, '91.91', 0, 0, 'Lulus'),
(3631, 126, 14, 0, '93.60', 0, 0, 'Lulus'),
(3632, 127, 14, 0, '93.33', 0, 0, 'Lulus'),
(3633, 128, 14, 0, '92.76', 0, 0, 'Lulus'),
(3634, 129, 14, 0, '91.38', 0, 0, 'Lulus'),
(3635, 130, 14, 0, '91.73', 0, 0, 'Lulus'),
(3636, 131, 14, 0, '92.89', 0, 0, 'Lulus'),
(3637, 132, 14, 0, '94.27', 0, 0, 'Lulus'),
(3638, 133, 14, 0, '91.33', 0, 0, 'Lulus'),
(3639, 134, 14, 0, '91.18', 0, 0, 'Lulus'),
(3640, 135, 14, 0, '92.18', 0, 0, 'Lulus'),
(3641, 136, 14, 0, '90.84', 0, 0, 'Lulus'),
(3642, 137, 14, 0, '95.20', 0, 0, 'Lulus'),
(3643, 138, 14, 0, '84.18', 0, 0, 'Lulus'),
(3644, 139, 14, 0, '85.53', 0, 0, 'Lulus'),
(3645, 140, 14, 0, '89.47', 0, 0, 'Lulus'),
(3646, 141, 14, 0, '93.53', 0, 0, 'Lulus'),
(3647, 142, 14, 0, '86.07', 0, 0, 'Lulus'),
(3648, 143, 14, 0, '87.51', 0, 0, 'Lulus'),
(3649, 144, 14, 0, '87.98', 0, 0, 'Lulus'),
(3650, 145, 14, 0, '88.84', 0, 0, 'Lulus'),
(3651, 146, 14, 0, '93.07', 0, 0, 'Lulus'),
(3652, 147, 14, 0, '92.00', 0, 0, 'Lulus');
INSERT INTO `nilai_siswa` (`id`, `siswa_id`, `mapel_id`, `nilai_rapot`, `nusp`, `nsp`, `avg`, `status_lulus`) VALUES
(3653, 148, 14, 0, '84.58', 0, 0, 'Lulus'),
(3654, 149, 14, 0, '84.93', 0, 0, 'Lulus'),
(3655, 150, 14, 0, '93.33', 0, 0, 'Lulus'),
(3656, 151, 14, 0, '93.11', 0, 0, 'Lulus'),
(3657, 152, 14, 0, '83.71', 0, 0, 'Lulus'),
(3658, 153, 14, 0, '85.62', 0, 0, 'Lulus'),
(3659, 154, 14, 0, '83.73', 0, 0, 'Lulus'),
(3660, 155, 14, 0, '87.44', 0, 0, 'Lulus'),
(3661, 156, 14, 0, '89.07', 0, 0, 'Lulus'),
(3662, 157, 14, 0, '86.93', 0, 0, 'Lulus'),
(3663, 158, 14, 0, '87.87', 0, 0, 'Lulus'),
(3664, 159, 14, 0, '87.20', 0, 0, 'Lulus'),
(3665, 160, 14, 0, '86.71', 0, 0, 'Lulus'),
(3666, 161, 14, 0, '87.60', 0, 0, 'Lulus'),
(3667, 162, 14, 0, '87.89', 0, 0, 'Lulus'),
(3668, 163, 14, 0, '85.76', 0, 0, 'Lulus'),
(3669, 164, 14, 0, '80.98', 0, 0, 'Lulus'),
(3670, 165, 14, 0, '88.27', 0, 0, 'Lulus'),
(3671, 166, 14, 0, '87.91', 0, 0, 'Lulus'),
(3672, 167, 14, 0, '87.07', 0, 0, 'Lulus'),
(3673, 168, 14, 0, '92.10', 0, 0, 'Lulus'),
(3674, 169, 14, 0, '85.80', 0, 0, 'Lulus'),
(3675, 170, 14, 0, '77.83', 0, 0, 'Lulus'),
(3676, 171, 14, 0, '84.80', 0, 0, 'Lulus'),
(3677, 172, 14, 0, '88.56', 0, 0, 'Lulus'),
(3678, 173, 14, 0, '93.48', 0, 0, 'Lulus'),
(3679, 174, 14, 0, '90.93', 0, 0, 'Lulus'),
(3680, 175, 14, 0, '92.18', 0, 0, 'Lulus'),
(3681, 176, 14, 0, '87.96', 0, 0, 'Lulus'),
(3682, 177, 14, 0, '89.67', 0, 0, 'Lulus'),
(3683, 178, 14, 0, '91.64', 0, 0, 'Lulus'),
(3684, 179, 14, 0, '92.40', 0, 0, 'Lulus'),
(3685, 180, 14, 0, '90.18', 0, 0, 'Lulus'),
(3686, 181, 14, 0, '90.13', 0, 0, 'Lulus'),
(3687, 182, 14, 0, '89.73', 0, 0, 'Lulus'),
(3688, 183, 14, 0, '93.20', 0, 0, 'Lulus'),
(3689, 184, 14, 0, '92.62', 0, 0, 'Lulus'),
(3690, 185, 14, 0, '91.91', 0, 0, 'Lulus'),
(3691, 186, 14, 0, '91.44', 0, 0, 'Lulus'),
(3692, 187, 14, 0, '95.07', 0, 0, 'Lulus'),
(3693, 188, 14, 0, '92.84', 0, 0, 'Lulus'),
(3694, 189, 14, 0, '91.73', 0, 0, 'Lulus'),
(3695, 190, 14, 0, '91.91', 0, 0, 'Lulus'),
(3696, 191, 14, 0, '90.40', 0, 0, 'Lulus'),
(3697, 192, 14, 0, '93.78', 0, 0, 'Lulus'),
(3698, 193, 14, 0, '89.24', 0, 0, 'Lulus'),
(3699, 194, 14, 0, '94.18', 0, 0, 'Lulus'),
(3700, 195, 14, 0, '92.84', 0, 0, 'Lulus'),
(3701, 196, 15, 0, '73.59', 0, 0, 'Lulus'),
(3702, 197, 15, 0, '83.16', 0, 0, 'Lulus'),
(3703, 198, 15, 0, '76.69', 0, 0, 'Lulus'),
(3704, 199, 15, 0, '84.01', 0, 0, 'Lulus'),
(3705, 200, 15, 0, '77.75', 0, 0, 'Lulus'),
(3706, 201, 15, 0, '81.15', 0, 0, 'Lulus'),
(3707, 202, 15, 0, '84.29', 0, 0, 'Lulus'),
(3708, 203, 15, 0, '82.87', 0, 0, 'Lulus'),
(3709, 204, 15, 0, '84.52', 0, 0, 'Lulus'),
(3710, 205, 15, 0, '86.87', 0, 0, 'Lulus'),
(3711, 206, 15, 0, '72.47', 0, 0, 'Lulus'),
(3712, 207, 15, 0, '84.93', 0, 0, 'Lulus'),
(3713, 208, 15, 0, '75.77', 0, 0, 'Lulus'),
(3714, 209, 15, 0, '72.08', 0, 0, 'Lulus'),
(3715, 210, 15, 0, '73.53', 0, 0, 'Lulus'),
(3716, 211, 15, 0, '71.86', 0, 0, 'Lulus'),
(3717, 212, 15, 0, '76.28', 0, 0, 'Lulus'),
(3718, 213, 15, 0, '81.77', 0, 0, 'Lulus'),
(3719, 214, 15, 0, '80.79', 0, 0, 'Lulus'),
(3720, 215, 15, 0, '72.53', 0, 0, 'Lulus'),
(3721, 216, 15, 0, '78.06', 0, 0, 'Lulus'),
(3722, 217, 15, 0, '73.28', 0, 0, 'Lulus'),
(3723, 218, 15, 0, '77.44', 0, 0, 'Lulus'),
(3724, 219, 15, 0, '77.63', 0, 0, 'Lulus'),
(3725, 220, 15, 0, '79.13', 0, 0, 'Lulus'),
(3726, 221, 15, 0, '85.66', 0, 0, 'Lulus'),
(3727, 222, 15, 0, '78.24', 0, 0, 'Lulus'),
(3728, 223, 15, 0, '85.00', 0, 0, 'Lulus'),
(3729, 224, 15, 0, '84.26', 0, 0, 'Lulus'),
(3730, 225, 15, 0, '74.25', 0, 0, 'Lulus'),
(3731, 226, 15, 0, '73.30', 0, 0, 'Lulus'),
(3732, 227, 15, 0, '74.58', 0, 0, 'Lulus'),
(3733, 228, 15, 0, '79.71', 0, 0, 'Lulus'),
(3734, 229, 15, 0, '78.43', 0, 0, 'Lulus'),
(3735, 230, 15, 0, '83.21', 0, 0, 'Lulus'),
(3736, 231, 15, 0, '71.60', 0, 0, 'Lulus'),
(3737, 232, 15, 0, '75.08', 0, 0, 'Lulus'),
(3738, 233, 15, 0, '84.96', 0, 0, 'Lulus'),
(3739, 234, 15, 0, '76.38', 0, 0, 'Lulus'),
(3740, 235, 15, 0, '84.22', 0, 0, 'Lulus'),
(3741, 236, 15, 0, '79.59', 0, 0, 'Lulus'),
(3742, 237, 15, 0, '80.83', 0, 0, 'Lulus'),
(3743, 238, 15, 0, '82.18', 0, 0, 'Lulus'),
(3744, 239, 15, 0, '77.83', 0, 0, 'Lulus'),
(3745, 240, 15, 0, '80.83', 0, 0, 'Lulus'),
(3746, 241, 15, 0, '77.00', 0, 0, 'Lulus'),
(3747, 242, 15, 0, '83.08', 0, 0, 'Lulus'),
(3748, 243, 15, 0, '83.79', 0, 0, 'Lulus'),
(3749, 244, 15, 0, '81.74', 0, 0, 'Lulus'),
(3750, 245, 15, 0, '79.73', 0, 0, 'Lulus'),
(3751, 246, 15, 0, '80.27', 0, 0, 'Lulus'),
(3752, 247, 15, 0, '76.63', 0, 0, 'Lulus'),
(3753, 248, 15, 0, '87.08', 0, 0, 'Lulus'),
(3754, 249, 15, 0, '77.10', 0, 0, 'Lulus'),
(3755, 250, 15, 0, '80.34', 0, 0, 'Lulus'),
(3756, 251, 15, 0, '80.09', 0, 0, 'Lulus'),
(3757, 252, 15, 0, '77.53', 0, 0, 'Lulus'),
(3758, 253, 15, 0, '78.28', 0, 0, 'Lulus'),
(3759, 254, 15, 0, '77.43', 0, 0, 'Lulus'),
(3760, 255, 15, 0, '80.29', 0, 0, 'Lulus'),
(3761, 256, 15, 0, '73.98', 0, 0, 'Lulus'),
(3762, 257, 15, 0, '77.08', 0, 0, 'Lulus'),
(3763, 258, 15, 0, '90.35', 0, 0, 'Lulus'),
(3764, 259, 15, 0, '84.33', 0, 0, 'Lulus'),
(3765, 260, 15, 0, '78.98', 0, 0, 'Lulus'),
(3766, 261, 15, 0, '78.10', 0, 0, 'Lulus'),
(3767, 262, 15, 0, '76.55', 0, 0, 'Lulus'),
(3768, 263, 15, 0, '85.10', 0, 0, 'Lulus'),
(3769, 264, 15, 0, '80.12', 0, 0, 'Lulus'),
(3770, 265, 15, 0, '83.93', 0, 0, 'Lulus'),
(3771, 266, 15, 0, '82.36', 0, 0, 'Lulus'),
(3772, 267, 15, 0, '85.34', 0, 0, 'Lulus'),
(3773, 268, 15, 0, '76.85', 0, 0, 'Lulus'),
(3774, 269, 15, 0, '79.59', 0, 0, 'Lulus'),
(3775, 270, 15, 0, '79.13', 0, 0, 'Lulus'),
(3776, 271, 15, 0, '83.39', 0, 0, 'Lulus'),
(3777, 272, 15, 0, '82.94', 0, 0, 'Lulus'),
(3778, 273, 15, 0, '79.44', 0, 0, 'Lulus'),
(3779, 274, 15, 0, '79.42', 0, 0, 'Lulus'),
(3780, 275, 15, 0, '78.28', 0, 0, 'Lulus'),
(3781, 276, 15, 0, '87.70', 0, 0, 'Lulus'),
(3782, 277, 15, 0, '77.21', 0, 0, 'Lulus'),
(3783, 278, 15, 0, '78.00', 0, 0, 'Lulus'),
(3784, 279, 15, 0, '87.47', 0, 0, 'Lulus'),
(3785, 280, 15, 0, '72.33', 0, 0, 'Lulus'),
(3786, 281, 15, 0, '85.89', 0, 0, 'Lulus'),
(3787, 282, 15, 0, '81.35', 0, 0, 'Lulus'),
(3788, 283, 15, 0, '82.05', 0, 0, 'Lulus'),
(3789, 284, 15, 0, '78.03', 0, 0, 'Lulus'),
(3790, 285, 15, 0, '84.57', 0, 0, 'Lulus'),
(3791, 286, 15, 0, '72.71', 0, 0, 'Lulus'),
(3792, 287, 15, 0, '84.88', 0, 0, 'Lulus'),
(3793, 288, 15, 0, '86.62', 0, 0, 'Lulus'),
(3794, 289, 15, 0, '88.16', 0, 0, 'Lulus'),
(3795, 290, 15, 0, '81.45', 0, 0, 'Lulus'),
(3796, 291, 15, 0, '76.20', 0, 0, 'Lulus'),
(3797, 292, 15, 0, '81.69', 0, 0, 'Lulus'),
(3798, 196, 16, 0, '73.38', 0, 0, 'Lulus'),
(3799, 197, 16, 0, '87.80', 0, 0, 'Lulus'),
(3800, 198, 16, 0, '72.65', 0, 0, 'Lulus'),
(3801, 199, 16, 0, '88.73', 0, 0, 'Lulus'),
(3802, 200, 16, 0, '80.93', 0, 0, 'Lulus'),
(3803, 201, 16, 0, '85.52', 0, 0, 'Lulus'),
(3804, 202, 16, 0, '86.83', 0, 0, 'Lulus'),
(3805, 203, 16, 0, '87.62', 0, 0, 'Lulus'),
(3806, 204, 16, 0, '86.07', 0, 0, 'Lulus'),
(3807, 205, 16, 0, '89.03', 0, 0, 'Lulus'),
(3808, 206, 16, 0, '74.44', 0, 0, 'Lulus'),
(3809, 207, 16, 0, '86.83', 0, 0, 'Lulus'),
(3810, 208, 16, 0, '77.08', 0, 0, 'Lulus'),
(3811, 209, 16, 0, '73.53', 0, 0, 'Lulus'),
(3812, 210, 16, 0, '78.92', 0, 0, 'Lulus'),
(3813, 211, 16, 0, '76.67', 0, 0, 'Lulus'),
(3814, 212, 16, 0, '77.19', 0, 0, 'Lulus'),
(3815, 213, 16, 0, '86.60', 0, 0, 'Lulus'),
(3816, 214, 16, 0, '83.52', 0, 0, 'Lulus'),
(3817, 215, 16, 0, '75.28', 0, 0, 'Lulus'),
(3818, 216, 16, 0, '78.58', 0, 0, 'Lulus'),
(3819, 217, 16, 0, '73.11', 0, 0, 'Lulus'),
(3820, 218, 16, 0, '78.18', 0, 0, 'Lulus'),
(3821, 219, 16, 0, '81.94', 0, 0, 'Lulus'),
(3822, 220, 16, 0, '78.52', 0, 0, 'Lulus'),
(3823, 221, 16, 0, '88.45', 0, 0, 'Lulus'),
(3824, 222, 16, 0, '78.03', 0, 0, 'Lulus'),
(3825, 223, 16, 0, '88.42', 0, 0, 'Lulus'),
(3826, 224, 16, 0, '87.73', 0, 0, 'Lulus'),
(3827, 225, 16, 0, '78.17', 0, 0, 'Lulus'),
(3828, 226, 16, 0, '77.64', 0, 0, 'Lulus'),
(3829, 227, 16, 0, '78.03', 0, 0, 'Lulus'),
(3830, 228, 16, 0, '82.34', 0, 0, 'Lulus'),
(3831, 229, 16, 0, '76.78', 0, 0, 'Lulus'),
(3832, 230, 16, 0, '80.35', 0, 0, 'Lulus'),
(3833, 231, 16, 0, '73.40', 0, 0, 'Lulus'),
(3834, 232, 16, 0, '73.95', 0, 0, 'Lulus'),
(3835, 233, 16, 0, '85.33', 0, 0, 'Lulus'),
(3836, 234, 16, 0, '76.15', 0, 0, 'Lulus'),
(3837, 235, 16, 0, '86.05', 0, 0, 'Lulus'),
(3838, 236, 16, 0, '82.22', 0, 0, 'Lulus'),
(3839, 237, 16, 0, '82.83', 0, 0, 'Lulus'),
(3840, 238, 16, 0, '81.93', 0, 0, 'Lulus'),
(3841, 239, 16, 0, '81.79', 0, 0, 'Lulus'),
(3842, 240, 16, 0, '82.08', 0, 0, 'Lulus'),
(3843, 241, 16, 0, '75.50', 0, 0, 'Lulus'),
(3844, 242, 16, 0, '83.90', 0, 0, 'Lulus'),
(3845, 243, 16, 0, '85.23', 0, 0, 'Lulus'),
(3846, 244, 16, 0, '84.43', 0, 0, 'Lulus'),
(3847, 245, 16, 0, '82.11', 0, 0, 'Lulus'),
(3848, 246, 16, 0, '78.11', 0, 0, 'Lulus'),
(3849, 247, 16, 0, '78.35', 0, 0, 'Lulus'),
(3850, 248, 16, 0, '88.03', 0, 0, 'Lulus'),
(3851, 249, 16, 0, '76.60', 0, 0, 'Lulus'),
(3852, 250, 16, 0, '80.22', 0, 0, 'Lulus'),
(3853, 251, 16, 0, '82.67', 0, 0, 'Lulus'),
(3854, 252, 16, 0, '75.98', 0, 0, 'Lulus'),
(3855, 253, 16, 0, '81.62', 0, 0, 'Lulus'),
(3856, 254, 16, 0, '78.79', 0, 0, 'Lulus'),
(3857, 255, 16, 0, '81.58', 0, 0, 'Lulus'),
(3858, 256, 16, 0, '77.35', 0, 0, 'Lulus'),
(3859, 257, 16, 0, '76.97', 0, 0, 'Lulus'),
(3860, 258, 16, 0, '88.24', 0, 0, 'Lulus'),
(3861, 259, 16, 0, '84.10', 0, 0, 'Lulus'),
(3862, 260, 16, 0, '81.30', 0, 0, 'Lulus'),
(3863, 261, 16, 0, '81.47', 0, 0, 'Lulus'),
(3864, 262, 16, 0, '79.87', 0, 0, 'Lulus'),
(3865, 263, 16, 0, '85.17', 0, 0, 'Lulus'),
(3866, 264, 16, 0, '82.01', 0, 0, 'Lulus'),
(3867, 265, 16, 0, '86.60', 0, 0, 'Lulus'),
(3868, 266, 16, 0, '78.18', 0, 0, 'Lulus'),
(3869, 267, 16, 0, '85.64', 0, 0, 'Lulus'),
(3870, 268, 16, 0, '77.37', 0, 0, 'Lulus'),
(3871, 269, 16, 0, '81.15', 0, 0, 'Lulus'),
(3872, 270, 16, 0, '82.93', 0, 0, 'Lulus'),
(3873, 271, 16, 0, '86.93', 0, 0, 'Lulus'),
(3874, 272, 16, 0, '85.03', 0, 0, 'Lulus'),
(3875, 273, 16, 0, '82.20', 0, 0, 'Lulus'),
(3876, 274, 16, 0, '80.75', 0, 0, 'Lulus'),
(3877, 275, 16, 0, '80.65', 0, 0, 'Lulus'),
(3878, 276, 16, 0, '90.90', 0, 0, 'Lulus'),
(3879, 277, 16, 0, '79.88', 0, 0, 'Lulus'),
(3880, 278, 16, 0, '81.80', 0, 0, 'Lulus'),
(3881, 279, 16, 0, '85.57', 0, 0, 'Lulus'),
(3882, 280, 16, 0, '71.45', 0, 0, 'Lulus'),
(3883, 281, 16, 0, '82.40', 0, 0, 'Lulus'),
(3884, 282, 16, 0, '84.60', 0, 0, 'Lulus'),
(3885, 283, 16, 0, '83.60', 0, 0, 'Lulus'),
(3886, 284, 16, 0, '80.63', 0, 0, 'Lulus'),
(3887, 285, 16, 0, '86.68', 0, 0, 'Lulus'),
(3888, 286, 16, 0, '79.53', 0, 0, 'Lulus'),
(3889, 287, 16, 0, '84.62', 0, 0, 'Lulus'),
(3890, 288, 16, 0, '85.34', 0, 0, 'Lulus'),
(3891, 289, 16, 0, '89.70', 0, 0, 'Lulus'),
(3892, 290, 16, 0, '83.97', 0, 0, 'Lulus'),
(3893, 291, 16, 0, '80.38', 0, 0, 'Lulus'),
(3894, 292, 16, 0, '84.45', 0, 0, 'Lulus'),
(3895, 196, 17, 0, '75.69', 0, 0, 'Lulus'),
(3896, 197, 17, 0, '84.18', 0, 0, 'Lulus'),
(3897, 198, 17, 0, '75.17', 0, 0, 'Lulus'),
(3898, 199, 17, 0, '83.88', 0, 0, 'Lulus'),
(3899, 200, 17, 0, '76.75', 0, 0, 'Lulus'),
(3900, 201, 17, 0, '82.52', 0, 0, 'Lulus'),
(3901, 202, 17, 0, '82.94', 0, 0, 'Lulus'),
(3902, 203, 17, 0, '83.55', 0, 0, 'Lulus'),
(3903, 204, 17, 0, '84.33', 0, 0, 'Lulus'),
(3904, 205, 17, 0, '85.82', 0, 0, 'Lulus'),
(3905, 206, 17, 0, '75.92', 0, 0, 'Lulus'),
(3906, 207, 17, 0, '84.67', 0, 0, 'Lulus'),
(3907, 208, 17, 0, '74.60', 0, 0, 'Lulus'),
(3908, 209, 17, 0, '72.38', 0, 0, 'Lulus'),
(3909, 210, 17, 0, '76.43', 0, 0, 'Lulus'),
(3910, 211, 17, 0, '75.31', 0, 0, 'Lulus'),
(3911, 212, 17, 0, '78.19', 0, 0, 'Lulus'),
(3912, 213, 17, 0, '83.65', 0, 0, 'Lulus'),
(3913, 214, 17, 0, '81.82', 0, 0, 'Lulus'),
(3914, 215, 17, 0, '73.43', 0, 0, 'Lulus'),
(3915, 216, 17, 0, '74.32', 0, 0, 'Lulus'),
(3916, 217, 17, 0, '72.86', 0, 0, 'Lulus'),
(3917, 218, 17, 0, '73.64', 0, 0, 'Lulus'),
(3918, 219, 17, 0, '77.33', 0, 0, 'Lulus'),
(3919, 220, 17, 0, '79.25', 0, 0, 'Lulus'),
(3920, 221, 17, 0, '83.62', 0, 0, 'Lulus'),
(3921, 222, 17, 0, '75.90', 0, 0, 'Lulus'),
(3922, 223, 17, 0, '84.82', 0, 0, 'Lulus'),
(3923, 224, 17, 0, '82.58', 0, 0, 'Lulus'),
(3924, 225, 17, 0, '77.97', 0, 0, 'Lulus'),
(3925, 226, 17, 0, '74.02', 0, 0, 'Lulus'),
(3926, 227, 17, 0, '73.80', 0, 0, 'Lulus'),
(3927, 228, 17, 0, '79.55', 0, 0, 'Lulus'),
(3928, 229, 17, 0, '76.35', 0, 0, 'Lulus'),
(3929, 230, 17, 0, '81.39', 0, 0, 'Lulus'),
(3930, 231, 17, 0, '72.53', 0, 0, 'Lulus'),
(3931, 232, 17, 0, '72.69', 0, 0, 'Lulus'),
(3932, 233, 17, 0, '85.17', 0, 0, 'Lulus'),
(3933, 234, 17, 0, '77.33', 0, 0, 'Lulus'),
(3934, 235, 17, 0, '84.17', 0, 0, 'Lulus'),
(3935, 236, 17, 0, '81.99', 0, 0, 'Lulus'),
(3936, 237, 17, 0, '82.43', 0, 0, 'Lulus'),
(3937, 238, 17, 0, '79.31', 0, 0, 'Lulus'),
(3938, 239, 17, 0, '80.57', 0, 0, 'Lulus'),
(3939, 240, 17, 0, '79.92', 0, 0, 'Lulus'),
(3940, 241, 17, 0, '74.51', 0, 0, 'Lulus'),
(3941, 242, 17, 0, '82.62', 0, 0, 'Lulus'),
(3942, 243, 17, 0, '82.84', 0, 0, 'Lulus'),
(3943, 244, 17, 0, '83.40', 0, 0, 'Lulus'),
(3944, 245, 17, 0, '82.25', 0, 0, 'Lulus'),
(3945, 246, 17, 0, '76.58', 0, 0, 'Lulus'),
(3946, 247, 17, 0, '77.65', 0, 0, 'Lulus'),
(3947, 248, 17, 0, '86.37', 0, 0, 'Lulus'),
(3948, 249, 17, 0, '75.38', 0, 0, 'Lulus'),
(3949, 250, 17, 0, '79.92', 0, 0, 'Lulus'),
(3950, 251, 17, 0, '80.57', 0, 0, 'Lulus'),
(3951, 252, 17, 0, '76.90', 0, 0, 'Lulus'),
(3952, 253, 17, 0, '80.90', 0, 0, 'Lulus'),
(3953, 254, 17, 0, '75.73', 0, 0, 'Lulus'),
(3954, 255, 17, 0, '79.55', 0, 0, 'Lulus'),
(3955, 256, 17, 0, '78.62', 0, 0, 'Lulus'),
(3956, 257, 17, 0, '76.23', 0, 0, 'Lulus'),
(3957, 258, 17, 0, '87.83', 0, 0, 'Lulus'),
(3958, 259, 17, 0, '81.20', 0, 0, 'Lulus'),
(3959, 260, 17, 0, '80.40', 0, 0, 'Lulus'),
(3960, 261, 17, 0, '80.43', 0, 0, 'Lulus'),
(3961, 262, 17, 0, '78.96', 0, 0, 'Lulus'),
(3962, 263, 17, 0, '84.45', 0, 0, 'Lulus'),
(3963, 264, 17, 0, '81.52', 0, 0, 'Lulus'),
(3964, 265, 17, 0, '84.32', 0, 0, 'Lulus'),
(3965, 266, 17, 0, '79.02', 0, 0, 'Lulus'),
(3966, 267, 17, 0, '83.50', 0, 0, 'Lulus'),
(3967, 268, 17, 0, '78.39', 0, 0, 'Lulus'),
(3968, 269, 17, 0, '83.23', 0, 0, 'Lulus'),
(3969, 270, 17, 0, '81.82', 0, 0, 'Lulus'),
(3970, 271, 17, 0, '83.32', 0, 0, 'Lulus'),
(3971, 272, 17, 0, '83.43', 0, 0, 'Lulus'),
(3972, 273, 17, 0, '81.62', 0, 0, 'Lulus'),
(3973, 274, 17, 0, '80.87', 0, 0, 'Lulus'),
(3974, 275, 17, 0, '81.22', 0, 0, 'Lulus'),
(3975, 276, 17, 0, '87.87', 0, 0, 'Lulus'),
(3976, 277, 17, 0, '76.45', 0, 0, 'Lulus'),
(3977, 278, 17, 0, '79.68', 0, 0, 'Lulus'),
(3978, 279, 17, 0, '84.75', 0, 0, 'Lulus'),
(3979, 280, 17, 0, '73.48', 0, 0, 'Lulus'),
(3980, 281, 17, 0, '83.90', 0, 0, 'Lulus'),
(3981, 282, 17, 0, '82.75', 0, 0, 'Lulus'),
(3982, 283, 17, 0, '82.62', 0, 0, 'Lulus'),
(3983, 284, 17, 0, '81.02', 0, 0, 'Lulus'),
(3984, 285, 17, 0, '85.03', 0, 0, 'Lulus'),
(3985, 286, 17, 0, '77.98', 0, 0, 'Lulus'),
(3986, 287, 17, 0, '81.10', 0, 0, 'Lulus'),
(3987, 288, 17, 0, '83.98', 0, 0, 'Lulus'),
(3988, 289, 17, 0, '87.52', 0, 0, 'Lulus'),
(3989, 290, 17, 0, '79.93', 0, 0, 'Lulus'),
(3990, 291, 17, 0, '80.68', 0, 0, 'Lulus'),
(3991, 292, 17, 0, '82.98', 0, 0, 'Lulus'),
(3992, 196, 18, 0, '76.26', 0, 0, 'Lulus'),
(3993, 197, 18, 0, '83.49', 0, 0, 'Lulus'),
(3994, 198, 18, 0, '72.30', 0, 0, 'Lulus'),
(3995, 199, 18, 0, '85.91', 0, 0, 'Lulus'),
(3996, 200, 18, 0, '76.17', 0, 0, 'Lulus'),
(3997, 201, 18, 0, '83.38', 0, 0, 'Lulus'),
(3998, 202, 18, 0, '85.28', 0, 0, 'Lulus'),
(3999, 203, 18, 0, '85.54', 0, 0, 'Lulus'),
(4000, 204, 18, 0, '84.60', 0, 0, 'Lulus'),
(4001, 205, 18, 0, '86.57', 0, 0, 'Lulus'),
(4002, 206, 18, 0, '75.84', 0, 0, 'Lulus'),
(4003, 207, 18, 0, '85.73', 0, 0, 'Lulus'),
(4004, 208, 18, 0, '77.23', 0, 0, 'Lulus'),
(4005, 209, 18, 0, '72.89', 0, 0, 'Lulus'),
(4006, 210, 18, 0, '71.94', 0, 0, 'Lulus'),
(4007, 211, 18, 0, '71.98', 0, 0, 'Lulus'),
(4008, 212, 18, 0, '78.39', 0, 0, 'Lulus'),
(4009, 213, 18, 0, '85.57', 0, 0, 'Lulus'),
(4010, 214, 18, 0, '83.38', 0, 0, 'Lulus'),
(4011, 215, 18, 0, '77.11', 0, 0, 'Lulus'),
(4012, 216, 18, 0, '76.17', 0, 0, 'Lulus'),
(4013, 217, 18, 0, '76.27', 0, 0, 'Lulus'),
(4014, 218, 18, 0, '75.72', 0, 0, 'Lulus'),
(4015, 219, 18, 0, '77.41', 0, 0, 'Lulus'),
(4016, 220, 18, 0, '81.43', 0, 0, 'Lulus'),
(4017, 221, 18, 0, '84.34', 0, 0, 'Lulus'),
(4018, 222, 18, 0, '79.94', 0, 0, 'Lulus'),
(4019, 223, 18, 0, '85.65', 0, 0, 'Lulus'),
(4020, 224, 18, 0, '83.65', 0, 0, 'Lulus'),
(4021, 225, 18, 0, '76.36', 0, 0, 'Lulus'),
(4022, 226, 18, 0, '74.93', 0, 0, 'Lulus'),
(4023, 227, 18, 0, '75.27', 0, 0, 'Lulus'),
(4024, 228, 18, 0, '78.88', 0, 0, 'Lulus'),
(4025, 229, 18, 0, '74.68', 0, 0, 'Lulus'),
(4026, 230, 18, 0, '80.65', 0, 0, 'Lulus'),
(4027, 231, 18, 0, '74.40', 0, 0, 'Lulus'),
(4028, 232, 18, 0, '74.44', 0, 0, 'Lulus'),
(4029, 233, 18, 0, '80.92', 0, 0, 'Lulus'),
(4030, 234, 18, 0, '75.19', 0, 0, 'Lulus'),
(4031, 235, 18, 0, '83.40', 0, 0, 'Lulus'),
(4032, 236, 18, 0, '80.77', 0, 0, 'Lulus'),
(4033, 237, 18, 0, '82.41', 0, 0, 'Lulus'),
(4034, 238, 18, 0, '79.65', 0, 0, 'Lulus'),
(4035, 239, 18, 0, '79.24', 0, 0, 'Lulus'),
(4036, 240, 18, 0, '77.27', 0, 0, 'Lulus'),
(4037, 241, 18, 0, '76.76', 0, 0, 'Lulus'),
(4038, 242, 18, 0, '81.10', 0, 0, 'Lulus'),
(4039, 243, 18, 0, '81.28', 0, 0, 'Lulus'),
(4040, 244, 18, 0, '82.67', 0, 0, 'Lulus'),
(4041, 245, 18, 0, '81.98', 0, 0, 'Lulus'),
(4042, 246, 18, 0, '76.42', 0, 0, 'Lulus'),
(4043, 247, 18, 0, '78.12', 0, 0, 'Lulus'),
(4044, 248, 18, 0, '84.31', 0, 0, 'Lulus'),
(4045, 249, 18, 0, '72.26', 0, 0, 'Lulus'),
(4046, 250, 18, 0, '79.88', 0, 0, 'Lulus'),
(4047, 251, 18, 0, '79.84', 0, 0, 'Lulus'),
(4048, 252, 18, 0, '75.66', 0, 0, 'Lulus'),
(4049, 253, 18, 0, '82.13', 0, 0, 'Lulus'),
(4050, 254, 18, 0, '77.36', 0, 0, 'Lulus'),
(4051, 255, 18, 0, '79.16', 0, 0, 'Lulus'),
(4052, 256, 18, 0, '74.42', 0, 0, 'Lulus'),
(4053, 257, 18, 0, '75.86', 0, 0, 'Lulus'),
(4054, 258, 18, 0, '87.18', 0, 0, 'Lulus'),
(4055, 259, 18, 0, '83.18', 0, 0, 'Lulus'),
(4056, 260, 18, 0, '80.43', 0, 0, 'Lulus'),
(4057, 261, 18, 0, '78.70', 0, 0, 'Lulus'),
(4058, 262, 18, 0, '73.59', 0, 0, 'Lulus'),
(4059, 263, 18, 0, '80.57', 0, 0, 'Lulus'),
(4060, 264, 18, 0, '81.41', 0, 0, 'Lulus'),
(4061, 265, 18, 0, '86.78', 0, 0, 'Lulus'),
(4062, 266, 18, 0, '80.86', 0, 0, 'Lulus'),
(4063, 267, 18, 0, '83.30', 0, 0, 'Lulus'),
(4064, 268, 18, 0, '76.69', 0, 0, 'Lulus'),
(4065, 269, 18, 0, '76.03', 0, 0, 'Lulus'),
(4066, 270, 18, 0, '81.89', 0, 0, 'Lulus'),
(4067, 271, 18, 0, '83.49', 0, 0, 'Lulus'),
(4068, 272, 18, 0, '84.40', 0, 0, 'Lulus'),
(4069, 273, 18, 0, '80.83', 0, 0, 'Lulus'),
(4070, 274, 18, 0, '81.25', 0, 0, 'Lulus'),
(4071, 275, 18, 0, '80.70', 0, 0, 'Lulus'),
(4072, 276, 18, 0, '89.67', 0, 0, 'Lulus'),
(4073, 277, 18, 0, '77.25', 0, 0, 'Lulus'),
(4074, 278, 18, 0, '80.47', 0, 0, 'Lulus'),
(4075, 279, 18, 0, '86.49', 0, 0, 'Lulus'),
(4076, 280, 18, 0, '75.28', 0, 0, 'Lulus'),
(4077, 281, 18, 0, '82.72', 0, 0, 'Lulus'),
(4078, 282, 18, 0, '83.77', 0, 0, 'Lulus'),
(4079, 283, 18, 0, '80.22', 0, 0, 'Lulus'),
(4080, 284, 18, 0, '80.46', 0, 0, 'Lulus'),
(4081, 285, 18, 0, '83.67', 0, 0, 'Lulus'),
(4082, 286, 18, 0, '78.95', 0, 0, 'Lulus'),
(4083, 287, 18, 0, '85.08', 0, 0, 'Lulus'),
(4084, 288, 18, 0, '83.80', 0, 0, 'Lulus'),
(4085, 289, 18, 0, '84.51', 0, 0, 'Lulus'),
(4086, 290, 18, 0, '82.30', 0, 0, 'Lulus'),
(4087, 291, 18, 0, '77.43', 0, 0, 'Lulus'),
(4088, 292, 18, 0, '81.83', 0, 0, 'Lulus'),
(4089, 1, 19, 0, '  81.60 ', 0, 0, 'Lulus'),
(4090, 2, 19, 0, '  87.60 ', 0, 0, 'Lulus'),
(4091, 3, 19, 0, '  77.50 ', 0, 0, 'Lulus'),
(4092, 4, 19, 0, '  84.50 ', 0, 0, 'Lulus'),
(4093, 5, 19, 0, '  73.50 ', 0, 0, 'Lulus'),
(4094, 6, 19, 0, '  83.50 ', 0, 0, 'Lulus'),
(4095, 7, 19, 0, '  86.10 ', 0, 0, 'Lulus'),
(4096, 8, 19, 0, '  87.10 ', 0, 0, 'Lulus'),
(4097, 9, 19, 0, '  88.60 ', 0, 0, 'Lulus'),
(4098, 10, 19, 0, '  83.50 ', 0, 0, 'Lulus'),
(4099, 11, 19, 0, '  83.00 ', 0, 0, 'Lulus'),
(4100, 12, 19, 0, '  85.00 ', 0, 0, 'Lulus'),
(4101, 13, 19, 0, '  89.10 ', 0, 0, 'Lulus'),
(4102, 14, 19, 0, '  84.00 ', 0, 0, 'Lulus'),
(4103, 15, 19, 0, '  84.50 ', 0, 0, 'Lulus'),
(4104, 16, 19, 0, '  84.60 ', 0, 0, 'Lulus'),
(4105, 17, 19, 0, '  87.60 ', 0, 0, 'Lulus'),
(4106, 18, 19, 0, '  87.90 ', 0, 0, 'Lulus'),
(4107, 19, 19, 0, '  82.50 ', 0, 0, 'Lulus'),
(4108, 20, 19, 0, '  89.10 ', 0, 0, 'Lulus'),
(4109, 21, 19, 0, '  82.50 ', 0, 0, 'Lulus'),
(4110, 22, 19, 0, '  86.10 ', 0, 0, 'Lulus'),
(4111, 23, 19, 0, '  86.90 ', 0, 0, 'Lulus'),
(4112, 24, 19, 0, '  87.40 ', 0, 0, 'Lulus'),
(4113, 25, 19, 0, '  84.50 ', 0, 0, 'Lulus'),
(4114, 26, 19, 0, '  84.00 ', 0, 0, 'Lulus'),
(4115, 27, 19, 0, '  83.50 ', 0, 0, 'Lulus'),
(4116, 28, 19, 0, '  88.40 ', 0, 0, 'Lulus'),
(4117, 29, 19, 0, '  85.10 ', 0, 0, 'Lulus'),
(4118, 30, 19, 0, '  87.10 ', 0, 0, 'Lulus'),
(4119, 31, 19, 0, '  82.50 ', 0, 0, 'Lulus'),
(4120, 32, 19, 0, '  89.70 ', 0, 0, 'Lulus'),
(4121, 33, 19, 0, '  86.50 ', 0, 0, 'Lulus'),
(4122, 34, 19, 0, '  84.50 ', 0, 0, 'Lulus'),
(4123, 35, 19, 0, '  83.50 ', 0, 0, 'Lulus'),
(4124, 36, 19, 0, '  86.80 ', 0, 0, 'Lulus'),
(4125, 37, 19, 0, '  84.60 ', 0, 0, 'Lulus'),
(4126, 38, 19, 0, '  85.80 ', 0, 0, 'Lulus'),
(4127, 39, 19, 0, '  82.40 ', 0, 0, 'Lulus'),
(4128, 40, 19, 0, '  86.60 ', 0, 0, 'Lulus'),
(4129, 41, 19, 0, '  82.90 ', 0, 0, 'Lulus'),
(4130, 42, 19, 0, '  85.30 ', 0, 0, 'Lulus'),
(4131, 43, 19, 0, '  86.80 ', 0, 0, 'Lulus'),
(4132, 44, 19, 0, '  85.60 ', 0, 0, 'Lulus'),
(4133, 45, 19, 0, '  85.80 ', 0, 0, 'Lulus'),
(4134, 46, 19, 0, '  88.30 ', 0, 0, 'Lulus'),
(4135, 47, 19, 0, '  86.30 ', 0, 0, 'Lulus'),
(4136, 48, 19, 0, '  85.90 ', 0, 0, 'Lulus'),
(4137, 49, 19, 0, '  85.30 ', 0, 0, 'Lulus'),
(4138, 50, 19, 0, '  83.90 ', 0, 0, 'Lulus'),
(4139, 51, 19, 0, '  85.80 ', 0, 0, 'Lulus'),
(4140, 52, 19, 0, '  82.90 ', 0, 0, 'Lulus'),
(4141, 53, 19, 0, '  87.60 ', 0, 0, 'Lulus'),
(4142, 54, 19, 0, '  86.80 ', 0, 0, 'Lulus'),
(4143, 55, 19, 0, '  84.40 ', 0, 0, 'Lulus'),
(4144, 56, 19, 0, '  85.80 ', 0, 0, 'Lulus'),
(4145, 57, 19, 0, '  87.20 ', 0, 0, 'Lulus'),
(4146, 58, 19, 0, '  84.80 ', 0, 0, 'Lulus'),
(4147, 59, 19, 0, '  83.30 ', 0, 0, 'Lulus'),
(4148, 60, 19, 0, '  85.30 ', 0, 0, 'Lulus'),
(4149, 61, 19, 0, '  85.30 ', 0, 0, 'Lulus'),
(4150, 62, 19, 0, '  86.10 ', 0, 0, 'Lulus'),
(4151, 63, 19, 0, '  85.30 ', 0, 0, 'Lulus'),
(4152, 64, 19, 0, '  84.80 ', 0, 0, 'Lulus'),
(4153, 65, 19, 0, '  80.20 ', 0, 0, 'Lulus'),
(4154, 66, 19, 0, '  86.30 ', 0, 0, 'Lulus'),
(4155, 67, 19, 0, '  87.10 ', 0, 0, 'Lulus'),
(4156, 68, 19, 0, '  86.30 ', 0, 0, 'Lulus'),
(4157, 69, 19, 0, '  87.70 ', 0, 0, 'Lulus'),
(4158, 70, 19, 0, '  86.30 ', 0, 0, 'Lulus'),
(4159, 71, 19, 0, '  87.70 ', 0, 0, 'Lulus'),
(4160, 72, 19, 0, '  86.10 ', 0, 0, 'Lulus'),
(4161, 73, 19, 0, '  80.60 ', 0, 0, 'Lulus'),
(4162, 74, 19, 0, '  89.50 ', 0, 0, 'Lulus'),
(4163, 75, 19, 0, '  84.20 ', 0, 0, 'Lulus'),
(4164, 76, 19, 0, '  84.70 ', 0, 0, 'Lulus'),
(4165, 77, 19, 0, '  85.40 ', 0, 0, 'Lulus'),
(4166, 78, 19, 0, '  84.40 ', 0, 0, 'Lulus'),
(4167, 79, 19, 0, '  90.70 ', 0, 0, 'Lulus'),
(4168, 80, 19, 0, '  76.90 ', 0, 0, 'Lulus'),
(4169, 81, 19, 0, '  81.30 ', 0, 0, 'Lulus'),
(4170, 82, 19, 0, '  86.30 ', 0, 0, 'Lulus'),
(4171, 83, 19, 0, '  83.10 ', 0, 0, 'Lulus'),
(4172, 84, 19, 0, '  85.80 ', 0, 0, 'Lulus'),
(4173, 85, 19, 0, '  83.30 ', 0, 0, 'Lulus'),
(4174, 86, 19, 0, '  80.10 ', 0, 0, 'Lulus'),
(4175, 87, 19, 0, '  83.90 ', 0, 0, 'Lulus'),
(4176, 88, 19, 0, '  84.30 ', 0, 0, 'Lulus'),
(4177, 89, 19, 0, '  83.90 ', 0, 0, 'Lulus'),
(4178, 90, 19, 0, '  82.90 ', 0, 0, 'Lulus'),
(4179, 91, 19, 0, '  89.10 ', 0, 0, 'Lulus'),
(4180, 92, 19, 0, '  88.10 ', 0, 0, 'Lulus'),
(4181, 93, 19, 0, '  79.60 ', 0, 0, 'Lulus'),
(4182, 94, 19, 0, '  87.10 ', 0, 0, 'Lulus'),
(4183, 95, 19, 0, '  80.10 ', 0, 0, 'Lulus'),
(4184, 96, 19, 0, '  85.40 ', 0, 0, 'Lulus'),
(4185, 97, 19, 0, '  80.40 ', 0, 0, 'Lulus'),
(4186, 98, 19, 0, '  89.00 ', 0, 0, 'Lulus'),
(4187, 99, 19, 0, '  88.90 ', 0, 0, 'Lulus'),
(4188, 100, 19, 0, '  87.80 ', 0, 0, 'Lulus'),
(4189, 101, 19, 0, '  83.40 ', 0, 0, 'Lulus'),
(4190, 102, 19, 0, '  83.10 ', 0, 0, 'Lulus'),
(4191, 103, 19, 0, '  86.00 ', 0, 0, 'Lulus'),
(4192, 104, 19, 0, '  89.50 ', 0, 0, 'Lulus'),
(4193, 105, 19, 0, '  83.40 ', 0, 0, 'Lulus'),
(4194, 106, 19, 0, '  85.30 ', 0, 0, 'Lulus'),
(4195, 107, 19, 0, '  86.40 ', 0, 0, 'Lulus'),
(4196, 108, 19, 0, '  84.40 ', 0, 0, 'Lulus'),
(4197, 109, 19, 0, '  83.80 ', 0, 0, 'Lulus'),
(4198, 110, 19, 0, '  89.00 ', 0, 0, 'Lulus'),
(4199, 111, 19, 0, '  89.50 ', 0, 0, 'Lulus'),
(4200, 112, 19, 0, '  85.70 ', 0, 0, 'Lulus'),
(4201, 113, 19, 0, '  87.50 ', 0, 0, 'Lulus'),
(4202, 114, 19, 0, '  87.40 ', 0, 0, 'Lulus'),
(4203, 115, 19, 0, '  84.90 ', 0, 0, 'Lulus'),
(4204, 116, 19, 0, '  86.90 ', 0, 0, 'Lulus'),
(4205, 117, 19, 0, '  85.10 ', 0, 0, 'Lulus'),
(4206, 118, 19, 0, '  88.60 ', 0, 0, 'Lulus'),
(4207, 119, 19, 0, '  85.90 ', 0, 0, 'Lulus'),
(4208, 120, 19, 0, '  87.50 ', 0, 0, 'Lulus'),
(4209, 121, 19, 0, '  87.40 ', 0, 0, 'Lulus'),
(4210, 122, 19, 0, '  84.90 ', 0, 0, 'Lulus'),
(4211, 123, 19, 0, '  83.40 ', 0, 0, 'Lulus'),
(4212, 124, 19, 0, '  88.00 ', 0, 0, 'Lulus'),
(4213, 125, 19, 0, '  87.40 ', 0, 0, 'Lulus'),
(4214, 126, 19, 0, '  87.00 ', 0, 0, 'Lulus'),
(4215, 127, 19, 0, '  89.50 ', 0, 0, 'Lulus'),
(4216, 128, 19, 0, '  87.00 ', 0, 0, 'Lulus'),
(4217, 129, 19, 0, '  87.40 ', 0, 0, 'Lulus'),
(4218, 130, 19, 0, '  87.90 ', 0, 0, 'Lulus'),
(4219, 131, 19, 0, '  87.90 ', 0, 0, 'Lulus'),
(4220, 132, 19, 0, '  88.50 ', 0, 0, 'Lulus'),
(4221, 133, 19, 0, '  87.40 ', 0, 0, 'Lulus'),
(4222, 134, 19, 0, '  84.30 ', 0, 0, 'Lulus'),
(4223, 135, 19, 0, '  89.70 ', 0, 0, 'Lulus'),
(4224, 136, 19, 0, '  85.80 ', 0, 0, 'Lulus'),
(4225, 137, 19, 0, '  90.00 ', 0, 0, 'Lulus'),
(4226, 138, 19, 0, '  84.50 ', 0, 0, 'Lulus'),
(4227, 139, 19, 0, '  84.20 ', 0, 0, 'Lulus'),
(4228, 140, 19, 0, '  83.70 ', 0, 0, 'Lulus'),
(4229, 141, 19, 0, '  89.00 ', 0, 0, 'Lulus'),
(4230, 142, 19, 0, '  83.70 ', 0, 0, 'Lulus'),
(4231, 143, 19, 0, '  83.40 ', 0, 0, 'Lulus'),
(4232, 144, 19, 0, '  83.20 ', 0, 0, 'Lulus'),
(4233, 145, 19, 0, '  83.70 ', 0, 0, 'Lulus'),
(4234, 146, 19, 0, '  89.00 ', 0, 0, 'Lulus'),
(4235, 147, 19, 0, '  89.20 ', 0, 0, 'Lulus'),
(4236, 148, 19, 0, '  82.60 ', 0, 0, 'Lulus'),
(4237, 149, 19, 0, '  81.60 ', 0, 0, 'Lulus'),
(4238, 150, 19, 0, '  91.50 ', 0, 0, 'Lulus'),
(4239, 151, 19, 0, '  89.00 ', 0, 0, 'Lulus'),
(4240, 152, 19, 0, '  81.60 ', 0, 0, 'Lulus'),
(4241, 153, 19, 0, '  83.60 ', 0, 0, 'Lulus'),
(4242, 154, 19, 0, '  83.50 ', 0, 0, 'Lulus'),
(4243, 155, 19, 0, '  84.50 ', 0, 0, 'Lulus'),
(4244, 156, 19, 0, '  83.70 ', 0, 0, 'Lulus'),
(4245, 157, 19, 0, '  83.60 ', 0, 0, 'Lulus'),
(4246, 158, 19, 0, '  83.70 ', 0, 0, 'Lulus'),
(4247, 159, 19, 0, '  83.20 ', 0, 0, 'Lulus'),
(4248, 160, 19, 0, '  82.90 ', 0, 0, 'Lulus'),
(4249, 161, 19, 0, '  84.50 ', 0, 0, 'Lulus'),
(4250, 162, 19, 0, '  84.70 ', 0, 0, 'Lulus'),
(4251, 163, 19, 0, '  83.70 ', 0, 0, 'Lulus'),
(4252, 164, 19, 0, '  85.50 ', 0, 0, 'Lulus'),
(4253, 165, 19, 0, '  84.50 ', 0, 0, 'Lulus'),
(4254, 166, 19, 0, '  85.40 ', 0, 0, 'Lulus'),
(4255, 167, 19, 0, '  81.90 ', 0, 0, 'Lulus'),
(4256, 168, 19, 0, '  87.50 ', 0, 0, 'Lulus'),
(4257, 169, 19, 0, '  83.90 ', 0, 0, 'Lulus'),
(4258, 170, 19, 0, '  76.40 ', 0, 0, 'Lulus'),
(4259, 171, 19, 0, '  80.40 ', 0, 0, 'Lulus'),
(4260, 172, 19, 0, '  84.00 ', 0, 0, 'Lulus'),
(4261, 173, 19, 0, '  88.00 ', 0, 0, 'Lulus'),
(4262, 174, 19, 0, '  88.60 ', 0, 0, 'Lulus'),
(4263, 175, 19, 0, '  86.40 ', 0, 0, 'Lulus'),
(4264, 176, 19, 0, '  85.00 ', 0, 0, 'Lulus'),
(4265, 177, 19, 0, '  85.00 ', 0, 0, 'Lulus'),
(4266, 178, 19, 0, '  85.60 ', 0, 0, 'Lulus'),
(4267, 179, 19, 0, '  88.70 ', 0, 0, 'Lulus'),
(4268, 180, 19, 0, '  85.60 ', 0, 0, 'Lulus'),
(4269, 181, 19, 0, '  86.00 ', 0, 0, 'Lulus'),
(4270, 182, 19, 0, '  89.60 ', 0, 0, 'Lulus'),
(4271, 183, 19, 0, '  89.70 ', 0, 0, 'Lulus'),
(4272, 184, 19, 0, '  88.50 ', 0, 0, 'Lulus'),
(4273, 185, 19, 0, '  87.40 ', 0, 0, 'Lulus'),
(4274, 186, 19, 0, '  86.40 ', 0, 0, 'Lulus'),
(4275, 187, 19, 0, '  88.00 ', 0, 0, 'Lulus'),
(4276, 188, 19, 0, '  88.70 ', 0, 0, 'Lulus'),
(4277, 189, 19, 0, '  87.60 ', 0, 0, 'Lulus'),
(4278, 190, 19, 0, '  89.20 ', 0, 0, 'Lulus'),
(4279, 191, 19, 0, '  82.50 ', 0, 0, 'Lulus'),
(4280, 192, 19, 0, '  90.00 ', 0, 0, 'Lulus'),
(4281, 193, 19, 0, '  84.00 ', 0, 0, 'Lulus'),
(4282, 194, 19, 0, '  87.20 ', 0, 0, 'Lulus'),
(4283, 195, 19, 0, '  87.20 ', 0, 0, 'Lulus'),
(4284, 196, 19, 0, '  70.90 ', 0, 0, 'Lulus'),
(4285, 197, 19, 0, '  85.60 ', 0, 0, 'Lulus'),
(4286, 198, 19, 0, '  71.00 ', 0, 0, 'Lulus'),
(4287, 199, 19, 0, '  88.10 ', 0, 0, 'Lulus'),
(4288, 200, 19, 0, '  71.40 ', 0, 0, 'Lulus'),
(4289, 201, 19, 0, '  82.00 ', 0, 0, 'Lulus'),
(4290, 202, 19, 0, '  87.10 ', 0, 0, 'Lulus'),
(4291, 203, 19, 0, '  77.10 ', 0, 0, 'Lulus'),
(4292, 204, 19, 0, '  86.00 ', 0, 0, 'Lulus'),
(4293, 205, 19, 0, '  88.10 ', 0, 0, 'Lulus'),
(4294, 206, 19, 0, '  70.30 ', 0, 0, 'Lulus'),
(4295, 207, 19, 0, '  86.10 ', 0, 0, 'Lulus'),
(4296, 208, 19, 0, '  75.30 ', 0, 0, 'Lulus'),
(4297, 209, 19, 0, '  71.50 ', 0, 0, 'Lulus'),
(4298, 210, 19, 0, '  73.90 ', 0, 0, 'Lulus'),
(4299, 211, 19, 0, '  75.40 ', 0, 0, 'Lulus'),
(4300, 212, 19, 0, '  70.50 ', 0, 0, 'Lulus'),
(4301, 213, 19, 0, '  83.50 ', 0, 0, 'Lulus'),
(4302, 214, 19, 0, '  75.50 ', 0, 0, 'Lulus'),
(4303, 215, 19, 0, '  67.50 ', 0, 0, 'Lulus'),
(4304, 216, 19, 0, '  73.30 ', 0, 0, 'Lulus'),
(4305, 217, 19, 0, '  73.50 ', 0, 0, 'Lulus'),
(4306, 218, 19, 0, '  77.30 ', 0, 0, 'Lulus'),
(4307, 219, 19, 0, '  77.00 ', 0, 0, 'Lulus'),
(4308, 220, 19, 0, '  74.50 ', 0, 0, 'Lulus'),
(4309, 221, 19, 0, '  87.60 ', 0, 0, 'Lulus'),
(4310, 222, 19, 0, '  74.00 ', 0, 0, 'Lulus'),
(4311, 223, 19, 0, '  86.60 ', 0, 0, 'Lulus'),
(4312, 224, 19, 0, '  86.60 ', 0, 0, 'Lulus'),
(4313, 225, 19, 0, '  68.90 ', 0, 0, 'Lulus'),
(4314, 226, 19, 0, '  70.50 ', 0, 0, 'Lulus'),
(4315, 227, 19, 0, '  73.80 ', 0, 0, 'Lulus'),
(4316, 228, 19, 0, '  80.90 ', 0, 0, 'Lulus'),
(4317, 229, 19, 0, '  72.40 ', 0, 0, 'Lulus'),
(4318, 230, 19, 0, '  78.40 ', 0, 0, 'Lulus'),
(4319, 231, 19, 0, '  72.10 ', 0, 0, 'Lulus'),
(4320, 232, 19, 0, '  78.10 ', 0, 0, 'Lulus'),
(4321, 233, 19, 0, '  84.50 ', 0, 0, 'Lulus'),
(4322, 234, 19, 0, '  77.10 ', 0, 0, 'Lulus'),
(4323, 235, 19, 0, '  83.50 ', 0, 0, 'Lulus'),
(4324, 236, 19, 0, '  81.60 ', 0, 0, 'Lulus'),
(4325, 237, 19, 0, '  81.60 ', 0, 0, 'Lulus'),
(4326, 238, 19, 0, '  81.60 ', 0, 0, 'Lulus'),
(4327, 239, 19, 0, '  77.90 ', 0, 0, 'Lulus'),
(4328, 240, 19, 0, '  81.60 ', 0, 0, 'Lulus'),
(4329, 241, 19, 0, '  72.90 ', 0, 0, 'Lulus'),
(4330, 242, 19, 0, '  82.00 ', 0, 0, 'Lulus'),
(4331, 243, 19, 0, '  84.00 ', 0, 0, 'Lulus'),
(4332, 244, 19, 0, '  83.00 ', 0, 0, 'Lulus'),
(4333, 245, 19, 0, '  78.70 ', 0, 0, 'Lulus'),
(4334, 246, 19, 0, '  81.30 ', 0, 0, 'Lulus'),
(4335, 247, 19, 0, '  81.80 ', 0, 0, 'Lulus'),
(4336, 248, 19, 0, '  77.70 ', 0, 0, 'Lulus'),
(4337, 249, 19, 0, '  79.10 ', 0, 0, 'Lulus'),
(4338, 250, 19, 0, '  80.80 ', 0, 0, 'Lulus'),
(4339, 251, 19, 0, '  82.30 ', 0, 0, 'Lulus'),
(4340, 252, 19, 0, '  72.90 ', 0, 0, 'Lulus'),
(4341, 253, 19, 0, '  81.10 ', 0, 0, 'Lulus'),
(4342, 254, 19, 0, '  74.90 ', 0, 0, 'Lulus'),
(4343, 255, 19, 0, '  80.80 ', 0, 0, 'Lulus'),
(4344, 256, 19, 0, '  78.60 ', 0, 0, 'Lulus'),
(4345, 257, 19, 0, '  73.40 ', 0, 0, 'Lulus'),
(4346, 258, 19, 0, '  85.00 ', 0, 0, 'Lulus'),
(4347, 259, 19, 0, '  79.55 ', 0, 0, 'Lulus'),
(4348, 260, 19, 0, '  80.50 ', 0, 0, 'Lulus'),
(4349, 261, 19, 0, '  80.50 ', 0, 0, 'Lulus'),
(4350, 262, 19, 0, '  78.90 ', 0, 0, 'Lulus'),
(4351, 263, 19, 0, '  84.20 ', 0, 0, 'Lulus'),
(4352, 264, 19, 0, '  81.30 ', 0, 0, 'Lulus'),
(4353, 265, 19, 0, '  85.00 ', 0, 0, 'Lulus'),
(4354, 266, 19, 0, '  77.80 ', 0, 0, 'Lulus'),
(4355, 267, 19, 0, '  86.20 ', 0, 0, 'Lulus'),
(4356, 268, 19, 0, '  78.40 ', 0, 0, 'Lulus'),
(4357, 269, 19, 0, '  82.30 ', 0, 0, 'Lulus'),
(4358, 270, 19, 0, '  82.60 ', 0, 0, 'Lulus'),
(4359, 271, 19, 0, '  84.80 ', 0, 0, 'Lulus'),
(4360, 272, 19, 0, '  82.20 ', 0, 0, 'Lulus'),
(4361, 273, 19, 0, '  81.30 ', 0, 0, 'Lulus'),
(4362, 274, 19, 0, '  82.10 ', 0, 0, 'Lulus'),
(4363, 275, 19, 0, '  80.00 ', 0, 0, 'Lulus'),
(4364, 276, 19, 0, '  87.70 ', 0, 0, 'Lulus'),
(4365, 277, 19, 0, '  79.00 ', 0, 0, 'Lulus'),
(4366, 278, 19, 0, '  82.30 ', 0, 0, 'Lulus'),
(4367, 279, 19, 0, '  88.70 ', 0, 0, 'Lulus'),
(4368, 280, 19, 0, '  72.40 ', 0, 0, 'Lulus'),
(4369, 281, 19, 0, '  85.30 ', 0, 0, 'Lulus'),
(4370, 282, 19, 0, '  82.60 ', 0, 0, 'Lulus'),
(4371, 283, 19, 0, '  79.55 ', 0, 0, 'Lulus'),
(4372, 284, 19, 0, '  81.80 ', 0, 0, 'Lulus'),
(4373, 285, 19, 0, '  87.20 ', 0, 0, 'Lulus'),
(4374, 286, 19, 0, '  76.40 ', 0, 0, 'Lulus'),
(4375, 287, 19, 0, '  86.30 ', 0, 0, 'Lulus'),
(4376, 288, 19, 0, '  87.70 ', 0, 0, 'Lulus'),
(4377, 289, 19, 0, '  89.20 ', 0, 0, 'Lulus'),
(4378, 290, 19, 0, '  86.30 ', 0, 0, 'Lulus'),
(4379, 291, 19, 0, '  81.50 ', 0, 0, 'Lulus'),
(4380, 292, 19, 0, '  84.20 ', 0, 0, 'Lulus');

-- --------------------------------------------------------

--
-- Table structure for table `pengumuman`
--

CREATE TABLE `pengumuman` (
  `id` int(11) NOT NULL,
  `judul` varchar(155) NOT NULL,
  `pengumuman` text NOT NULL,
  `created_by` varchar(200) NOT NULL,
  `created_date` datetime NOT NULL
) ENGINE=InnoDB DEFAULT CHARSET=utf8mb4;

-- --------------------------------------------------------

--
-- Table structure for table `sekolah`
--

CREATE TABLE `sekolah` (
  `id` int(11) NOT NULL,
  `nama_sekolah` varchar(255) NOT NULL,
  `alamat_sekolah` text NOT NULL,
  `notlp_sekolah` varchar(25) NOT NULL,
  `logo_sekolah` varchar(200) NOT NULL
) ENGINE=InnoDB DEFAULT CHARSET=utf8mb4;

--
-- Dumping data for table `sekolah`
--

INSERT INTO `sekolah` (`id`, `nama_sekolah`, `alamat_sekolah`, `notlp_sekolah`, `logo_sekolah`) VALUES
(1, 'Ardhacodes Academy', 'Jl. Sidoarjo', '031-999999', 'ard.png');

-- --------------------------------------------------------

--
-- Table structure for table `siswa`
--

CREATE TABLE `siswa` (
  `id` int(11) NOT NULL,
  `nis` int(10) NOT NULL,
  `nomor_ujian` varchar(50) NOT NULL,
  `nama` varchar(200) NOT NULL,
  `tempat_lahir` varchar(200) DEFAULT NULL,
  `tanggal` int(8) DEFAULT NULL,
  `bulan` varchar(100) DEFAULT NULL,
  `tahun` int(8) DEFAULT NULL,
  `tgl_lahir` date DEFAULT NULL,
  `namaortu` varchar(150) NOT NULL,
  `kelas` varchar(100) NOT NULL,
  `status_keuangan` varchar(100) NOT NULL
) ENGINE=InnoDB DEFAULT CHARSET=utf8mb4;

--
-- Dumping data for table `siswa`
--

INSERT INTO `siswa` (`id`, `nis`, `nomor_ujian`, `nama`, `tempat_lahir`, `tanggal`, `bulan`, `tahun`, `tgl_lahir`, `namaortu`, `kelas`, `status_keuangan`) VALUES
(1, 7397, '0039039328', 'Achmad Zulfikar', 'Surabaya', 9, 'Desember', 2003, '2022-04-29', 'Sumadiyanto', 'IPA', 'Lunas'),
(2, 7398, '0044339528', 'Adinda Putri Maharani', 'Sidoarjo', 27, 'September', 2004, '0000-00-00', 'Harto Wiyono', 'IPA', 'Belum Lunas'),
(3, 7405, '0046620950', 'Agatha Satria Elfreda', 'Surabaya', 7, 'Juni', 2004, '0000-00-00', 'Ary Sudjatmiko', 'IPA', 'Belum Lunas'),
(4, 7410, '0048310874', 'Aishananda Rahmalia ', 'Sidoarjo', 25, 'Mei', 2004, '0000-00-00', 'Abdul Wahid', 'IPA', 'Belum Lunas'),
(5, 7436, '0047467320', 'Arizal Nur Rahman', 'Sidoarjo', 19, 'Februari', 2004, '0000-00-00', 'Nurana Lastana', 'IPA', 'Belum Lunas'),
(6, 7440, '0049619592', 'Atika Wahyu Al Fasya Sadida', 'Sidoarjo', 7, 'Mei', 2004, '0000-00-00', 'Fuad Ma\'ruf', 'IPA', 'Belum Lunas'),
(7, 7447, '0049443384', 'Aurelia', 'Surabaya', 17, 'Maret', 2004, '0000-00-00', 'Jakob Nicy Setiyo M.', 'IPA', 'Belum Lunas'),
(8, 7451, '0043794494', 'Bilqis Aurabillah', 'Sidoarjo', 15, 'April', 2004, '0000-00-00', 'Joko Sutrisno', 'IPA', 'Belum Lunas'),
(9, 7463, '0045855949', 'Dafa Zain Musyafah', 'Sidoarjo', 5, 'Mei', 2004, '0000-00-00', 'Setyo Budiono, ST, ARS', 'IPA', 'Belum Lunas'),
(10, 7467, '0035477248', 'Dayuk Agustina', 'Sidoarjo', 7, 'Agustus', 2003, '0000-00-00', 'Paimin', 'IPA', 'Belum Lunas'),
(11, 7479, '0044608996', 'Elora Tranggana Maharani', 'Kediri', 5, 'Maret', 2004, '0000-00-00', 'Dwi Hendrawanto', 'IPA', 'Belum Lunas'),
(12, 7483, '0042261674', 'Faizah Nur Choirina', 'Sidoarjo', 23, 'April', 2004, '0000-00-00', 'Basori', 'IPA', 'Belum Lunas'),
(13, 7485, '0044353935', 'Farelco Felda Akbar', 'Surabaya', 8, 'Agustus', 2004, '0000-00-00', 'Farfisa Akbar, ST', 'IPA', 'Belum Lunas'),
(14, 7493, '0039599538', 'Ferdyansyah Puji Nanda Ramadhany', 'Malang', 14, 'November', 2003, '0000-00-00', 'Puji Syukur', 'IPA', 'Belum Lunas'),
(15, 7496, '0045740825', 'Fieka Sekar Melati', 'Surabaya', 25, 'Februari', 2004, '0000-00-00', 'Kurniadi', 'IPA', 'Belum Lunas'),
(16, 7503, '0038729020', 'Handy Prihatmiko', 'Sidoarjo', 12, 'Desember', 2003, '0000-00-00', 'Nuryanto', 'IPA', 'Belum Lunas'),
(17, 7515, '0044174808', 'Izzati Eka Nisa\'ul Fitri', 'Sidoarjo', 12, 'Januari', 2004, '0000-00-00', 'Suriyo Aji Dewantoro', 'IPA', 'Belum Lunas'),
(18, 7519, '0049963116', 'Juliet Kasih Faatihannisa Wynneputri', 'Surabaya', 9, 'Maret', 2004, '0000-00-00', 'Wawan Heri Purnomo', 'IPA', 'Belum Lunas'),
(19, 7545, '0044219103', 'Moh. Arkam Maulana Wahyu', 'Sumenep', 30, 'April', 2004, '0000-00-00', 'Edy Wahyu, AMD', 'IPA', 'Belum Lunas'),
(20, 7555, '0038074032', 'Mohamad Farid Faridho', 'Sidoarjo', 11, 'Oktober', 2003, '0000-00-00', 'Hariyanto', 'IPA', 'Belum Lunas'),
(21, 7556, '0043710461', 'Muhammad Ferdiansyah', 'Sidoarjo', 28, 'Januari', 2004, '0000-00-00', 'Slamet Riyadi', 'IPA', 'Belum Lunas'),
(22, 7560, '0049423372', 'Muhammad Kemal Syahru Ramadhan', 'Surabaya', 1, 'Nopember', 2003, '0000-00-00', 'Wahyu Diono', 'IPA', 'Belum Lunas'),
(23, 7577, '0063502708', 'Nadya Fitri Suhartiwi', 'Sidoarjo', 17, 'Nopember', 2004, '0000-00-00', 'Suharto', 'IPA', 'Belum Lunas'),
(24, 7579, '0037435776', 'Nafilah Zerlita Fahrani', 'Surabaya', 29, 'Juli', 2003, '0000-00-00', 'Makmurdiyanto', 'IPA', 'Belum Lunas'),
(25, 7585, '0040719569', 'Naufal Ruswan Dana', 'Gresik', 28, 'Januari', 2004, '0000-00-00', 'Moch. Ridwan', 'IPA', 'Belum Lunas'),
(26, 7591, '0043716928', 'Nunik Mardiani', 'Surabaya', 7, 'September', 2004, '0000-00-00', 'Jumadi', 'IPA', 'Belum Lunas'),
(27, 7608, '0053261606', 'Rafi` Zharfan Maulana', 'Lamongan', 23, 'Mei', 2004, '0000-00-00', 'Mukhamad Amiril', 'IPA', 'Belum Lunas'),
(28, 7632, '0047898404', 'Sabina Ghaitsa Brata', 'Surabaya', 24, 'Mei', 2004, '0000-00-00', 'Broto', 'IPA', 'Belum Lunas'),
(29, 7638, '0042368721', 'Satria Prasetya Bimantara', 'Surabaya', 4, 'September', 2004, '0000-00-00', 'Bambang Prastyo Aji', 'IPA', 'Belum Lunas'),
(30, 7644, '0038432492', 'Shinta Nabilla Ramadhini ', 'Sidoarjo', 21, 'Nopember', 2003, '0000-00-00', 'Agus Mujiono', 'IPA', 'Belum Lunas'),
(31, 7648, '0044174809', 'Stefani Puspita Dewi', 'Sidoarjo', 20, 'Januari', 2004, '0000-00-00', 'Misnan', 'IPA', 'Belum Lunas'),
(32, 7652, '0055552321', 'Syahla Athalia Athaya', 'Surabaya', 9, 'Maret', 2004, '0000-00-00', 'Sastra Wardi', 'IPA', 'Belum Lunas'),
(33, 7662, '0049091569', 'Tatsbita Salvia Hadi', 'Malang', 12, 'Mei', 2004, '0000-00-00', 'Hadi Mubangit', 'IPA', 'Belum Lunas'),
(34, 7673, '0043710452', 'Wahyu Izza Kurniawan Sunaryo', 'Kediri', 8, 'Januari', 2004, '0000-00-00', 'Agus Sunaryo', 'IPA', 'Belum Lunas'),
(35, 7676, '0018967180', 'Wisnu Alyuda Nugraha', 'Kediri', 11, 'Desember', 2003, '0000-00-00', 'Achmad Joenoes', 'IPA', 'Belum Lunas'),
(36, 7399, '0047632693', 'Adinda Putri Rhaina', 'Sidoarjo', 22, 'April', 2004, '0000-00-00', 'Heru Santoso', 'IPA', 'Belum Lunas'),
(37, 7400, '0037792990', 'Aditia Destario Rizky Putra', 'Sidoarjo', 13, 'Desember', 2003, '0000-00-00', 'Taufiq Amin', 'IPA', 'Belum Lunas'),
(38, 7406, '0048499509', 'Agnes Olyvia', 'Sidoarjo', 24, 'April', 2004, '0000-00-00', 'Mudhorin', 'IPA', 'Belum Lunas'),
(39, 7415, '0045028170', 'Akmal Tri Setya Rahmatullah', 'Surabaya', 30, 'Januari', 2004, '0000-00-00', 'Lili Aliyudin', 'IPA', 'Belum Lunas'),
(40, 7430, '0044236126', 'Aprilliana Chandra Ningtyas', 'Surabaya', 30, 'April', 2004, '0000-00-00', 'Fajar Suhudi', 'IPA', 'Belum Lunas'),
(41, 7434, '0047107203', 'Arief Budi Kurniawan', 'Sidoarjo', 20, 'Juli', 2004, '0000-00-00', 'Wahyudi Arief Budiman', 'IPA', 'Belum Lunas'),
(42, 7439, '0037937801', 'Arvina Tri Astika', 'Sidoarjo', 24, 'September', 2003, '0000-00-00', 'Arbin Lukminto', 'IPA', 'Belum Lunas'),
(43, 7446, '0043716985', 'Aura Aulia', 'Sidoarjo', 19, 'Mei', 2004, '0000-00-00', 'Agus Hari Widodo', 'IPA', 'Belum Lunas'),
(44, 7448, '3047827780', 'Azzam Abdillah Tsani', 'Surabaya', 30, 'Mei', 2004, '0000-00-00', 'Darto', 'IPA', 'Belum Lunas'),
(45, 7452, '0023589803', 'Bintang Raffael Putra Dewanta', 'Yogyakarta', 25, 'Mei', 2004, '0000-00-00', 'Raden Bambang Dewanta Nung Nugroho', 'IPA', 'Belum Lunas'),
(46, 7687, '0047113441', 'Clarinta Ghita Pradyan', 'Surabaya', 25, 'Agustus', 2004, '0000-00-00', 'Teguh Pradana, S.Kom', 'IPA', 'Belum Lunas'),
(47, 7472, '0047612379', 'Dina Olivia Salsa Balinda', 'Denpasar', 22, 'Januari', 2004, '0000-00-00', 'Agus Dwi Gondo, BN', 'IPA', 'Belum Lunas'),
(48, 7474, '0044111731', 'Dinda Hapsari Utomo', 'Sidoarjo', 22, 'Oktober', 2004, '0000-00-00', 'Trisno Utomo', 'IPA', 'Belum Lunas'),
(49, 7476, '0048789188', 'Doris Aqsal Alfiansyah', 'Jember', 5, 'April', 2004, '0000-00-00', 'Roys Muhtar', 'IPA', 'Belum Lunas'),
(50, 7481, '0038211749', 'Estefany Novika Ramadhania', 'Surabaya', 17, 'November', 2003, '0000-00-00', 'Eko Didik Purwanto', 'IPA', 'Belum Lunas'),
(51, 7486, '0043716476', 'Farey Dio Alif Ega Pahlefi', 'Malang', 12, 'April', 2004, '0000-00-00', 'Nanang Kosim', 'IPA', 'Belum Lunas'),
(52, 7487, '0036256677', 'Fariz Al Thoriq', 'Surabaya', 9, 'Agustus', 2003, '0000-00-00', 'Setio Utomo', 'IPA', 'Belum Lunas'),
(53, 7510, '0036517305', 'Ichwan Surya Tenggara', 'Sidoarjo', 28, 'Nopember', 2003, '0000-00-00', 'Marifen', 'IPA', 'Belum Lunas'),
(54, 7514, '0046495041', 'Ivan Dendy Pradipa Irianto', 'Sidoarjo', 19, 'April', 2004, '0000-00-00', 'Sugeng Irianto', 'IPA', 'Belum Lunas'),
(55, 7517, '0035970520', 'Jessica Erviranda Ningtyas', 'Tulungagung', 18, 'Nopember', 2003, '0000-00-00', 'Pairun', 'IPA', 'Belum Lunas'),
(56, 7528, '0047254654', 'Muhammad Kafi Fahrudin Jumanto', 'Surabaya', 27, 'Agustus', 2004, '0000-00-00', 'Susanto', 'IPA', 'Belum Lunas'),
(57, 7534, '0045373875', 'Marshanda Pratiwi Miftahurrahma', 'Surabaya', 31, 'Maret', 2004, '0000-00-00', 'Wismo Agustono', 'IPA', 'Belum Lunas'),
(58, 7564, '0043716999', 'Muhammad Ramadhan Cholili', 'Sidoarjo', 30, 'Oktober', 2004, '0000-00-00', 'Sulistyo', 'IPA', 'Belum Lunas'),
(59, 7568, '0037390951', 'Muhammad Seva Fakhrul Hisyam', 'Sidoarjo', 26, 'Agustus', 2003, '0000-00-00', 'Muhammad Hartoyok', 'IPA', 'Belum Lunas'),
(60, 7582, '0046904422', 'Nashwa Malihah Rabbani', 'Merauke', 31, 'Mei', 2004, '0000-00-00', 'Asri Jaya Halimbar', 'IPA', 'Belum Lunas'),
(61, 7590, '0043146028', 'Ning Fine Indrasih', 'Denpasar', 18, 'Pebruari', 2004, '0000-00-00', 'Alfiyanto', 'IPA', 'Belum Lunas'),
(62, 7604, '0037435798', 'Qonitah Rofifatussayyidah ', 'Sidoarjo', 29, 'Desember', 2003, '0000-00-00', 'Rasdi', 'IPA', 'Belum Lunas'),
(63, 7605, '0033209341', 'Queen Nabilah Devana', 'Sidoarjo', 17, 'Agustus', 2003, '0000-00-00', 'Soemarno', 'IPA', 'Belum Lunas'),
(64, 7619, '0047111884', 'Renantanda Shah Alam', 'Surabaya', 31, 'Maret', 2004, '0000-00-00', 'Ario Pandji Wangi', 'IPA', 'Belum Lunas'),
(65, 7621, '0035637768', 'Reyhan Yudhananta', 'Surabaya', 14, 'Desember', 2003, '0000-00-00', 'Yudi Siswanto', 'IPA', 'Belum Lunas'),
(66, 7622, '0049845325', 'Reyzhar Muhammad Ferdy Putra ', 'Surabaya', 9, 'juli', 2004, '0000-00-00', 'Dody Hermawan', 'IPA', 'Belum Lunas'),
(67, 7626, '0033945996', 'Risqi Adi Firmansyah', 'Magetan', 7, 'Agustus', 2003, '0000-00-00', 'Adi Mastutur', 'IPA', 'Belum Lunas'),
(68, 7642, '0044347288', 'Shefira Eka Putri', 'Sidoarjo', 31, 'Juli', 2004, '0000-00-00', 'Saroni', 'IPA', 'Belum Lunas'),
(69, 7683, '0049150049', 'Zahrah Khairunnisa`', 'Surabaya', 18, 'Juli', 2004, '0000-00-00', 'Sutikno, A.Md', 'IPA', 'Belum Lunas'),
(70, 7411, '0037792979', 'Aisyah Mutiara Ramadhan', 'Sidoarjo', 31, 'Oktober', 2003, '0000-00-00', 'Boy S. Ali Umar', 'IPA', 'Belum Lunas'),
(71, 7426, '0049311949', 'Angelia Pinky Callista Putri', 'Surabaya', 26, 'Februari', 2004, '0000-00-00', 'Sulistyono', 'IPA', 'Belum Lunas'),
(72, 7429, '0047105869', 'Annisa Salsabila', 'Surabaya', 17, 'Januari', 2004, '0000-00-00', 'Wahyudin', 'IPA', 'Belum Lunas'),
(73, 7437, '0045363093', 'Arry Wahyu Setiawan', 'Surabaya', 13, 'Maret', 2004, '0000-00-00', 'Abdul Ghoni, SE', 'IPA', 'Belum Lunas'),
(74, 7444, '0043716739', 'Aulia Sarah Masitha', 'Sidoarjo', 1, 'Januari', 2004, '0000-00-00', 'Syamsul Anwar', 'IPA', 'Belum Lunas'),
(75, 7458, '0044173304', 'Caesar Yudanta Dicky Prasna', 'Sidoarjo', 21, 'Mei', 2004, '0000-00-00', 'Edy Purwanto', 'IPA', 'Belum Lunas'),
(76, 7462, '0044323477', 'Cindy Firdaus', 'Papua', 28, 'Februari', 2004, '0000-00-00', 'Moch. Yusron', 'IPA', 'Belum Lunas'),
(77, 7466, '0049977776', 'Dawwas Inha\' Ulhaq', 'Surabaya', 11, 'Januari', 2004, '0000-00-00', 'Khusnan Rosadi', 'IPA', 'Belum Lunas'),
(78, 7470, '0047673386', 'Dhani Aditya Putra Efendi', 'Blitar', 23, 'Maret', 2004, '0000-00-00', 'Agus Efendi', 'IPA', 'Belum Lunas'),
(79, 7477, '0033183821', 'Eka Agusty Ainaturrizqy', 'Blitar', 5, 'Agustus', 2004, '0000-00-00', 'Ichwar Yon Dharmawan', 'IPA', 'Belum Lunas'),
(80, 7478, '0038694098', 'Elok Cristianing Tias', 'Surabaya', 20, 'Februari', 2003, '0000-00-00', 'Riyono', 'IPA', 'Belum Lunas'),
(81, 7495, '0035868708', 'Ferry Hariyanto', 'Surabaya', 6, 'Agustus', 2003, '0000-00-00', 'Totok Hariyanto', 'IPA', 'Belum Lunas'),
(82, 7501, '0036518181', 'Gistyanti Alvira Terre Zahrani', 'Surabaya', 14, 'Oktober', 2003, '0000-00-00', 'Winda Puswanda', 'IPA', 'Belum Lunas'),
(83, 7509, '0037938654', 'Hilmy Widodo', 'Surabaya', 9, 'Juli', 2003, '0000-00-00', 'Slamet Heriwidodo', 'IPA', 'Belum Lunas'),
(84, 7511, '0047476529', 'Ilham Zala Nugraha', 'Blitar', 27, 'Maret', 2004, '0000-00-00', 'Nuvri Karjadi', 'IPA', 'Belum Lunas'),
(85, 7516, '0075198560', 'Jasmine Tsaabitah Alamsjah', 'Surabaya', 18, 'Februari', 2005, '0000-00-00', 'Awan Alam', 'IPA', 'Belum Lunas'),
(86, 7518, '0046930612', 'Josua Yustisio Soputra', 'Palu', 21, 'Maret', 2004, '0000-00-00', 'Adinata Soputra', 'IPA', 'Belum Lunas'),
(87, 7535, '0045398836', 'Maulana Rafif Wibawa', 'Sidoarjo', 7, 'Mei', 2004, '0000-00-00', 'Muhamad Teja Wibawa', 'IPA', 'Belum Lunas'),
(88, 7539, '0049034268', 'Mia Imelda Catherinawati', 'Sidoarjo', 12, 'September', 2004, '0000-00-00', 'Imam Syafi\'i', 'IPA', 'Belum Lunas'),
(89, 7546, '0046122064', 'Mohammad Ferry Firmansyah', 'Surabaya', 5, 'Mei', 2004, '0000-00-00', 'Moh. Rusli Sjamsoedin', 'IPA', 'Belum Lunas'),
(90, 7548, '0047257448', 'Muhammad Achbar Fadillah', 'Surabaya', 1, 'Februari', 2004, '0000-00-00', 'Misdi', 'IPA', 'Belum Lunas'),
(91, 7584, '0042641039', 'Natasya Nur Rahma', 'Sidoarjo', 9, 'Januari', 2004, '0000-00-00', 'Sutarman', 'IPA', 'Belum Lunas'),
(92, 7592, '0044118722', 'Nur Musammatun Hakiniyah', 'Surabaya', 3, 'Mei', 2004, '0000-00-00', 'Yahmin', 'IPA', 'Belum Lunas'),
(93, 7614, '0042771636', 'Rangga Putra Sobhita', 'Surabaya', 24, 'Januari', 2004, '0000-00-00', 'Nyoman Sobhita', 'IPA', 'Belum Lunas'),
(94, 7629, '0038064384', 'Rizky Ayu Dyas Saputri', 'Sidoarjo', 8, 'Desember', 2003, '0000-00-00', 'Eko Agus Priantoni', 'IPA', 'Belum Lunas'),
(95, 7634, '0045960718', 'Sagraha Fakhri Santoso', 'Banjar', 15, 'Juni', 2004, '0000-00-00', 'Djoko Hadi Santoso', 'IPA', 'Belum Lunas'),
(96, 7639, '0047400436', 'Satrio Wicaksono', 'Jember', 25, 'Januari', 2004, '0000-00-00', 'Amir Wicaksono, SE', 'IPA', 'Belum Lunas'),
(97, 7655, '0037938676', 'Syarohbil Syawal Ahmad Gani', 'Sidoarjo', 13, 'Desember', 2003, '0000-00-00', 'Ruslan Abdul Gani', 'IPA', 'Belum Lunas'),
(98, 7657, '0044173299', 'Talitha Kirana Salsabila', 'Jember', 10, 'Mei', 2004, '0000-00-00', 'Eko Utomo, S.Si, A.Pt', 'IPA', 'Belum Lunas'),
(99, 7667, '0047703842', 'Ukhudiah Kafanila Malika Azar', 'Sidoarjo', 1, 'Juni', 2004, '0000-00-00', 'Hari Darma Kliwasana', 'IPA', 'Belum Lunas'),
(100, 7669, '0049541261', 'Valensa Nazhwa Antayana', 'Sidoarjo', 6, 'September', 2004, '0000-00-00', 'Sumariyono', 'IPA', 'Belum Lunas'),
(101, 7672, '0047046421', 'Veronica Da Sylva', 'Demak', 19, 'April', 2004, '0000-00-00', 'As\'at Dullah', 'IPA', 'Belum Lunas'),
(102, 7677, '0039662384', 'Yafi Subhan Pratama', 'Kendari', 30, 'Juni', 2003, '0000-00-00', 'Djawahiruddin', 'IPA', 'Belum Lunas'),
(103, 7682, '0047294310', 'Zahra Rifanika Muslimatus Sholikhah', 'Kediri', 8, 'Maret', 2004, '0000-00-00', 'Erfan Suyunus', 'IPA', 'Belum Lunas'),
(104, 7393, '0048800725', 'Abiansyah Putra Dwi Arianto', 'Surabaya', 25, 'Maret', 2004, '0000-00-00', 'Anang Widiarso', 'IPA', 'Belum Lunas'),
(105, 7407, '0037792970', 'Ahmad Aminuddin Widodo', 'Sidoarjo', 11, 'Agustus', 2003, '0000-00-00', 'Sugeng Widodo', 'IPA', 'Belum Lunas'),
(106, 7409, '0044257912', 'Aifah Rahmadani Azallia', 'Surabaya', 31, 'Oktober', 2004, '0000-00-00', 'Tri Agus Priyono', 'IPA', 'Belum Lunas'),
(107, 7419, '0036066199', 'Alifia Nadya Galuh Pribadi', 'Sampang', 22, 'Februari', 2004, '0000-00-00', 'Dian Arief Pribadi', 'IPA', 'Belum Lunas'),
(108, 7418, '0043688555', 'Alfian Zakiyah Firmansyah', 'Lamongan', 9, 'November', 2003, '0000-00-00', 'Ahmad Yudi', 'IPA', 'Belum Lunas'),
(109, 7423, '0043710520', 'Ananda Valen Safitri', 'Sidoarjo', 9, 'Oktober', 2004, '0000-00-00', 'Zainal Mustofa', 'IPA', 'Belum Lunas'),
(110, 7424, '0045510284', 'Andito Surya Chandra', 'Surabaya', 13, 'Maret', 2004, '0000-00-00', 'Soedarmanto', 'IPA', 'Belum Lunas'),
(111, 7425, '0046387740', 'Andriantika Rahmani Aulia Putri', 'Tulungagung', 26, 'Januari', 2004, '0000-00-00', 'Budianto', 'IPA', 'Belum Lunas'),
(112, 7433, '0049966793', 'Argiswara Fakaar Maulana', 'Surabaya', 15, 'Juni', 2004, '0000-00-00', 'Sudarsono', 'IPA', 'Belum Lunas'),
(113, 7445, '0042703297', 'Aulyra Velinda Pinanti Putri', 'Lamongan', 14, 'Oktober', 2004, '0000-00-00', 'Subeno Hadi Prayitno', 'IPA', 'Belum Lunas'),
(114, 7460, '0049405574', 'Charina Adinda Rizqi', 'Sidoarjo', 1, 'September', 2004, '0000-00-00', 'Chalimil Karim', 'IPA', 'Belum Lunas'),
(115, 7469, '0046349402', 'Devan Fez Zulfa', 'Blora', 30, 'Mei', 2004, '0000-00-00', 'Mochamad Dhony Laksono, A.Md', 'IPA', 'Belum Lunas'),
(116, 7492, '0048074583', 'Fabiola Latifah Basjah', 'Jakarta', 2, 'Juni', 2004, '0000-00-00', 'Bambang Priambada Basjah', 'IPA', 'Belum Lunas'),
(117, 7499, '0032245401', 'Ghalih Dafa Ragasiwi', 'Surabaya', 15, 'Oktober', 2003, '0000-00-00', 'Muji Purwanto', 'IPA', 'Belum Lunas'),
(118, 7504, '0049311653', 'Hanum Salsabilah Faradiba', 'Sidoarjo', 19, 'Juni', 2004, '0000-00-00', 'Moch. Rosid', 'IPA', 'Belum Lunas'),
(119, 7506, '0034482892', 'Happy Shabrina Fizabililla Desvita Putri', 'Sidoarjo', 29, 'November', 2003, '0000-00-00', 'Wagiran', 'IPA', 'Belum Lunas'),
(120, 7525, '0043794901', 'Laras Ati Ayuningtyas', 'Surabaya', 20, 'April', 2004, '0000-00-00', 'Jumardi', 'IPA', 'Belum Lunas'),
(121, 7691, '0035380554', 'M. Adib Tantowi Jauhari', 'Kediri', 8, 'Mei', 2003, '0000-00-00', 'Mohamad Hasip Rofiudin', 'IPA', 'Belum Lunas'),
(122, 7530, '0044236954', 'M. Rafly Irham Firdaus', 'Kediri', 19, 'April', 2004, '0000-00-00', 'Sutiknyo', 'IPA', 'Belum Lunas'),
(123, 7529, '0039251756', 'M. Naufal Nurrohman', 'Sidoarjo', 16, 'Desember', 2003, '0000-00-00', 'Yatser Haerupan Alamsyah', 'IPA', 'Belum Lunas'),
(124, 7532, '0031118710', 'Mahendra Rafli Wijaya', 'Surabaya', 22, 'Maret', 2003, '0000-00-00', 'Datar Sugiarto Suherdi', 'IPA', 'Belum Lunas'),
(125, 7547, '0038420402', 'Mohammad Gilang Darmawan', 'Sidoarjo', 14, 'Juli', 2003, '0000-00-00', 'Tony Lukiyanto', 'IPA', 'Belum Lunas'),
(126, 7696, '0033263096', 'Muhammad Edwin Hardiansyah', 'Jakarta', 21, 'Mei', 2003, '0000-00-00', 'Moh. Nasir', 'IPA', 'Belum Lunas'),
(127, 7565, '0034506432', 'Muhammad Rayhan Zaky Al Hakim', 'Sidoarjo', 31, 'Agustus', 2003, '0000-00-00', 'Husnu Faridy', 'IPA', 'Belum Lunas'),
(128, 7575, '0039437371', 'Nabilatus Sya`Adah', 'Sidoarjo', 19, 'Juni', 2003, '0000-00-00', 'Abd. Kholiq', 'IPA', 'Belum Lunas'),
(129, 7598, '0044698671', 'Pratama Galih Saputro', 'Sukoharjo', 30, 'Maret', 2004, '0000-00-00', 'Toni Ari Saputro', 'IPA', 'Belum Lunas'),
(130, 7600, '0048879368', 'Putri Febiyanti', 'Surabaya', 29, 'Februari', 2004, '0000-00-00', 'Fredrik Hendrik Manuhua', 'IPA', 'Belum Lunas'),
(131, 7611, '0049549258', 'Rahma Meidiana ', 'Jember', 17, 'Mei', 2004, '0000-00-00', 'Septi Ichtiadi', 'IPA', 'Belum Lunas'),
(132, 7665, '0034782554', 'Ratna Tri Hikmatus Zurro', 'Gresik', 12, 'Maret', 2003, '0000-00-00', 'kusnadi', 'IPA', 'Belum Lunas'),
(133, 7627, '0037511041', 'Ristania Devianti Bunga Safitri', 'Surabaya', 20, 'Desember', 2003, '0000-00-00', 'Heru Setiawan', 'IPA', 'Belum Lunas'),
(134, 7646, '0038591476', 'Shovya Rahma Cirylla ', 'Sidoarjo', 7, 'Desember', 2003, '0000-00-00', 'Roni Wijayanto', 'IPA', 'Belum Lunas'),
(135, 7660, '0043716917', 'Tarissa Luthfia Fitriawati', 'Sidoarjo', 2, 'April', 2004, '0000-00-00', 'Agus Siswanto', 'IPA', 'Belum Lunas'),
(136, 7666, '0048435483', 'Tsabitha Safira Neil Edlyn ', 'Surabaya', 28, 'Februari', 2004, '0000-00-00', 'Emil Ma\'ruf Wahyudi', 'IPA', 'Belum Lunas'),
(137, 7670, '0042909183', 'Vanessa Agatha Putri Kusuma Wardani', 'Nganjuk', 20, 'Agustus', 2004, '0000-00-00', 'Endra Kusuma', 'IPA', 'Belum Lunas'),
(138, 7684, '0038581842', 'Zemicho Ramadhan Akbar Hayomi Putra', 'Surabaya', 22, 'November', 2003, '0000-00-00', 'Hayomi Gunawan', 'IPA', 'Belum Lunas'),
(139, 7396, '0034783324', 'Achmad Zein Arsyad Al-Habsyi', 'Sidoarjo', 3, 'Desember', 2003, '0000-00-00', 'Wahyu Khamdani', 'IPA', 'Belum Lunas'),
(140, 7404, '0034777780', 'Afrah Althafahillah Sukaton', 'Surabaya', 23, 'Agustus', 2003, '0000-00-00', 'Fajar Sukaton', 'IPA', 'Belum Lunas'),
(141, 7413, '0048290265', 'Ajrina Layalie Sabra', 'Sidoarjo', 18, 'Juni', 2004, '0000-00-00', 'Mohammad Shobir', 'IPA', 'Belum Lunas'),
(142, 7416, '0042027791', 'Aldi Ardiantoro', 'Surabaya', 3, 'Maret', 2004, '0000-00-00', 'Priyadi', 'IPA', 'Belum Lunas'),
(143, 7417, '0044173277', 'Alfentira Mega Sasikaraya', 'Surabaya', 16, 'Februari', 2004, '0000-00-00', 'Moch. Masduki', 'IPA', 'Belum Lunas'),
(144, 7431, '0038860374', 'Ardansyah Wira Negara', 'Ponorogo', 29, 'Juni', 2003, '0000-00-00', 'Puguh Miswantoro', 'IPA', 'Belum Lunas'),
(145, 7442, '0046801881', 'Aulia Fauzia Febrianti', 'Sidoarjo', 23, 'Februari', 2004, '0000-00-00', 'Moch. Fauzi', 'IPA', 'Belum Lunas'),
(146, 7450, '0044094684', 'Bella Aulia Dwinanda', 'Sidoarjo', 5, 'Maret', 2004, '0000-00-00', 'Bagus Darmawan', 'IPA', 'Belum Lunas'),
(147, 7456, '0038837770', 'Bunga Okta Mutiara Prihandini', 'Sidoarjo', 10, 'Oktober', 2003, '0000-00-00', 'Supriyadi', 'IPA', 'Belum Lunas'),
(148, 7500, '0037513601', 'Gilang Panji Pradana', 'Madiun', 13, 'Oktober', 2003, '0000-00-00', 'Siswoyo', 'IPA', 'Belum Lunas'),
(149, 7505, '0040537343', 'Hanung Danurwendra', 'Nganjuk', 22, 'April', 2004, '0000-00-00', 'Haeni Purwanto', 'IPA', 'Belum Lunas'),
(150, 7512, '0040477756', 'Indah Ayu Putri Mashita Cahyani', 'Sidoarjo', 26, 'Juni', 2004, '0000-00-00', 'Agus Lukman Widiyanto', 'IPA', 'Belum Lunas'),
(151, 7526, '0036455954', 'Lina Anggraeni', 'Sidoarjo', 23, 'Desember', 2003, '0000-00-00', 'Legiman', 'IPA', 'Belum Lunas'),
(152, 7541, '0037855262', 'Moch. Azhar Fakhrudin', 'Surabaya', 24, 'Oktober', 2003, '0000-00-00', 'Drs. Joko Saptono', 'IPA', 'Belum Lunas'),
(153, 7543, '0041997316', 'Muchammad Ardian Dwi Saputra', 'Gresik', 28, 'Juni', 2004, '0000-00-00', 'Suharyono', 'IPA', 'Belum Lunas'),
(154, 7554, '0037686546', 'Muhammad Fairuz Fariduddin', 'Surabaya', 12, 'September', 2003, '0000-00-00', 'Lukman Hakim', 'IPA', 'Belum Lunas'),
(155, 7562, '0043805071', 'Muhammad Kevin Iqbal Saputra', 'Tulungagung', 21, 'Juni', 2004, '0000-00-00', 'Irfan Junaidi', 'IPA', 'Belum Lunas'),
(156, 7588, '0044094701', 'Niken Safira Bafiansyah', 'Sidoarjo', 18, 'April', 2004, '0000-00-00', 'Bambang Eko Sulistiono', 'IPA', 'Belum Lunas'),
(157, 7595, '0041852955', 'Okky Arya Wibawa', 'Surabaya', 1, 'September', 2004, '0000-00-00', 'Arief  Budi Setiawan , ST', 'IPA', 'Belum Lunas'),
(158, 7601, '0043724183', 'Putri Maulidia', 'Sidoarjo', 23, 'April', 2004, '0000-00-00', 'Mas\'ud Setiyobudi', 'IPA', 'Belum Lunas'),
(159, 7609, '0033500896', 'Rafli Rahadi Prasetya', 'Sidoarjo', 25, 'Desember', 2003, '0000-00-00', 'Afnan Rahman', 'IPA', 'Belum Lunas'),
(160, 7620, '0047340076', 'Reva Chintya Arifah', 'Surabaya', 1, 'Juni', 2004, '0000-00-00', 'Hasan Ekomuddin', 'IPA', 'Belum Lunas'),
(161, 7624, '0046527448', 'Rifky Alfarisi Fauzi', 'Sidoarjo', 20, 'Maret', 2004, '0000-00-00', 'Mochamad Fauzi', 'IPA', 'Belum Lunas'),
(162, 7635, '0043690801', 'Sakti Maulana Hidayatullah', 'Sidoarjo', 14, 'Mei', 2004, '0000-00-00', 'Iwan Shodikin', 'IPA', 'Belum Lunas'),
(163, 7649, '0046775117', 'Sulthan Farid Abid', 'Sidoarjo', 13, 'September', 2004, '0000-00-00', 'Tri Djanuardi', 'IPA', 'Belum Lunas'),
(164, 7650, '0041926969', 'Sulthon Isma Hanggoro Putra', 'Sidoarjo', 17, 'Juni', 2004, '0000-00-00', 'Didik Triari Anoegroho', 'IPA', 'Belum Lunas'),
(165, 7653, '0037910734', 'Syahrul Romadhon Mukti Wibowo', 'Sidoarjo', 20, 'Nopember', 2003, '0000-00-00', 'Yuliawan Kristiono', 'IPA', 'Belum Lunas'),
(166, 7658, '0044494340', 'Tanaya Dzaluliyya Aisyah', 'Malang', 31, 'Oktober', 2004, '0000-00-00', 'Tri Handhono Purwanto ', 'IPA', 'Belum Lunas'),
(167, 7668, '0043203296', 'Ulul Afifahtur Rohmah', 'Sidoarjo', 24, 'Juni', 2004, '0000-00-00', 'Utomo', 'IPA', 'Belum Lunas'),
(168, 7685, '0037588419', 'Usyaidah Billa Dunna', 'Sidoarjo', 5, 'Juli', 2003, '0000-00-00', 'Lutiarso', 'IPA', 'Belum Lunas'),
(169, 7671, '0044728180', 'Verdika Putri Savana Rossi', 'Sidoarjo', 16, 'Oktober', 2004, '0000-00-00', 'Rossy Roviul Amri', 'IPA', 'Belum Lunas'),
(170, 7679, '0037876532', 'Yuannisa Eviani', 'Depok', 31, 'Oktober', 2003, '0000-00-00', 'Edy Sukarno', 'IPA', 'Belum Lunas'),
(171, 7681, '0048519166', 'Zabrina Aprilia Caesara', 'Surabaya', 8, 'April', 2004, '0000-00-00', 'Drs. Sukariyadi Rudi M', 'IPA', 'Belum Lunas'),
(172, 7464, '0045711481', 'Daffa Indrasta Adhipramana', 'Sidoarjo', 12, 'Juli', 2004, '0000-00-00', 'Abdul Majid', 'IPA', 'Belum Lunas'),
(173, 7468, '0041897498', 'Delia Jovita Rizky', 'Blitar', 3, 'Juli', 2004, '0000-00-00', 'Junaedi', 'IPA', 'Belum Lunas'),
(174, 7471, '0044236088', 'Dimas Mukti Wibowo', 'Madiun', 27, 'Januari', 2004, '0000-00-00', 'Suwarno', 'IPA', 'Belum Lunas'),
(175, 7475, '0041186320', 'Dinda Nur Aisyah', 'Surabaya', 28, 'Juni', 2004, '0000-00-00', 'Donnie Novianto', 'IPA', 'Belum Lunas'),
(176, 7482, '0037937812', 'Faiz Furqon Izzuddin', 'Surabaya', 3, 'November', 2003, '0000-00-00', 'Kumbiyanto', 'IPA', 'Belum Lunas'),
(177, 7491, '0068788851', 'Favian Athaya Ditoputra', 'Surabaya', 27, 'Januari', 2004, '0000-00-00', 'Dedy Hendrianto', 'IPA', 'Belum Lunas'),
(178, 7497, '0044094708', 'Fikri Aminullah', 'Sidoarjo', 31, 'Mei', 2004, '0000-00-00', 'Abdullah Smith', 'IPA', 'Belum Lunas'),
(179, 7686, '0043691090', 'Ibrahim Arba', 'Kupang', 1, 'Maret', 2004, '0000-00-00', 'Rini Arba', 'IPA', 'Belum Lunas'),
(180, 7520, '0047350611', 'Kayla Fitria Rachmadina', 'Surabaya', 12, 'November', 2004, '0000-00-00', 'Harif Cahyono', 'IPA', 'Belum Lunas'),
(181, 7527, '0048493454', 'M. Eka Dzaky Ramadhany', 'Sidoarjo', 28, 'Oktober', 2004, '0000-00-00', 'Much. Ayyub', 'IPA', 'Belum Lunas'),
(182, 7693, '3044262641', 'Mohammad Valeriant Qumara Tanda', 'Bondowoso', 22, 'April', 2004, '0000-00-00', 'Lasna Tanda, ST', 'IPA', 'Belum Lunas'),
(183, 7550, '0044236984', 'Muhammad Alif Raharja', 'Bojonegoro', 20, 'Juli', 2004, '0000-00-00', 'Tri Yuli Raharja', 'IPA', 'Belum Lunas'),
(184, 7566, '0055462864', 'Muhammad Rifqi Muzakky', 'Gresik', 22, 'Mei', 2005, '0000-00-00', 'Ony Purnomo', 'IPA', 'Belum Lunas'),
(185, 7570, '0035303515', 'Muhammad Yazid Hakim', 'Jombang', 19, 'Desember', 2003, '0000-00-00', 'Muktar Arifin', 'IPA', 'Belum Lunas'),
(186, 7580, '0045542779', 'Na\'ilah Tsabitah', 'Sidoarjo', 19, 'September', 2004, '0000-00-00', 'Muhammad Mu\'ad Sahlan', 'IPA', 'Belum Lunas'),
(187, 7586, '0048507545', 'Naura Allisha Humaira', 'Sidoarjo', 27, 'Juni', 2004, '0000-00-00', 'Yani Gunarsono', 'IPA', 'Belum Lunas'),
(188, 7587, '0042999635', 'Nessa Aulia Rahman', 'Malang', 13, 'Maret', 2004, '0000-00-00', 'A. Rahman Juned', 'IPA', 'Belum Lunas'),
(189, 7589, '0043144921', 'Nikita', 'Sidoarjo', 3, 'Januari', 2004, '0000-00-00', 'Hudi Hariyanto', 'IPA', 'Belum Lunas'),
(190, 7692, '0045102350', 'Putri Maya Apriliya Kartika', 'Sidoarjo', 21, 'April', 2004, '0000-00-00', 'M. Senan', 'IPA', 'Belum Lunas'),
(191, 7606, '3038564232', 'Raeysa Yudhatama Khusaevi', 'Surabaya', 3, 'Desember', 2003, '0000-00-00', 'Khusnanto', 'IPA', 'Belum Lunas'),
(192, 7617, '0043477699', 'Rasendriya Adyatma', 'Surabaya', 25, 'Mei', 2004, '0000-00-00', 'Ratno Indrianto,ST', 'IPA', 'Belum Lunas'),
(193, 7633, '0037918189', 'Sabina Raniah Yuandi', 'Sidoarjo', 24, 'Desember', 2003, '0000-00-00', 'Guntur Wahyu', 'IPA', 'Belum Lunas'),
(194, 7637, '0034892421', 'Satria Hammas Arroisi', 'Surabaya', 23, 'Desember', 2003, '0000-00-00', 'Heri Supriadi, ST', 'IPA', 'Belum Lunas'),
(195, 7651, '0038771104', 'Syahidah Lathifah Hasna Qolby', 'Sidoarjo', 20, 'Desember', 2003, '0000-00-00', 'Wahono', 'IPA', 'Belum Lunas'),
(196, 7402, '0045211235', 'Aditya Richo Febrian', 'Bojonegoro', 14, 'Juni', 2004, '0000-00-00', 'Sutrisno', 'IPS', 'Belum Lunas'),
(197, 7422, '0044219080', 'Alya Salma Selian', 'Sidoarjo', 3, 'Agustus', 2004, '0000-00-00', 'Abd.Manan', 'IPS', 'Belum Lunas'),
(198, 7438, '0037374890', 'Arvina Ainun Niza', 'Sidoarjo', 2, 'Oktober', 2003, '0000-00-00', 'Mujiadi', 'IPS', 'Belum Lunas'),
(199, 7441, '0044235921', 'Aulia Dwi Nawangsari', 'Sidoarjo', 22, 'Januari', 2004, '0000-00-00', 'Sarjono', 'IPS', 'Belum Lunas'),
(200, 7449, '0038849225', 'Bagas Dwi Saputra', 'Surabaya', 25, 'September', 2003, '0000-00-00', 'Noer Cholis', 'IPS', 'Belum Lunas'),
(201, 7459, '0033046985', 'Cakra Ragatra Putra', 'Sidoarjo', 7, 'Nopember', 2003, '0000-00-00', 'Danny Irawan', 'IPS', 'Belum Lunas'),
(202, 7480, '0033334475', 'Erlin Irnanda Ariyanti', 'Sidoarjo', 4, 'Agustus', 2003, '0000-00-00', 'Mochammad Riyanto', 'IPS', 'Belum Lunas'),
(203, 7494, '0043873126', 'Ferdyosa Dwi Unsu Januarta', 'Sidoarjo', 17, 'Januari', 2004, '0000-00-00', 'Mukhamad Untung', 'IPS', 'Belum Lunas'),
(204, 7523, '0031663589', 'Khanaya Lintang Bramantya', 'Sidoarjo', 11, 'Oktober', 2003, '0000-00-00', 'Bambang Cahyo Purnomo', 'IPS', 'Belum Lunas'),
(205, 7533, '0044218240', 'Maritza Nabila Nareswari', 'Surabaya', 14, 'Februari', 2004, '0000-00-00', 'Ari Wibisono, SE', 'IPS', 'Belum Lunas'),
(206, 7537, '0027683285', 'Melinda Julhakida Rahma', 'Surabaya', 3, 'Juli', 2002, '0000-00-00', 'Noor Farida', 'IPS', 'Belum Lunas'),
(207, 7544, '0048640866', 'Moch. Ferdinan Hein', 'Surabaya', 16, 'Agustus', 2004, '0000-00-00', 'Heintje Meszakh', 'IPS', 'Belum Lunas'),
(208, 7542, '0043959903', 'Moch. Rizal Rivky', 'Surabaya', 14, 'Mei', 2004, '0000-00-00', 'Moch. Bachtiar Sumarli', 'IPS', 'Belum Lunas'),
(209, 7569, '0038594139', 'Muhammad Wildan Erlangga ', 'Magetan', 10, 'April', 2003, '0000-00-00', 'Eko Istiono Widjajanto, S.IP', 'IPS', 'Belum Lunas'),
(210, 7549, '0034029097', 'Muhammad Abdullah Yunior Al Islami', 'Surabaya', 23, 'Oktober', 2004, '0000-00-00', 'KUSNADI SOEPARTO ATMOJO', 'IPS', 'Belum Lunas'),
(211, 7551, '0041284392', 'Muhammad Dhiya`Ulhaqi Miqdad', 'Surabaya', 19, 'Februari', 2004, '0000-00-00', 'Ifan Asmadi', 'IPS', 'Belum Lunas'),
(212, 7552, '0044239386', 'Muhammad Erwin Bintang Sabara ', 'Sidoarjo', 29, 'November', 2003, '0000-00-00', 'Mohamad Urip', 'IPS', 'Belum Lunas'),
(213, 7557, '0036383058', 'Muhammad Ibrahim Baihaqi', 'Surabaya', 17, 'Januari', 2004, '0000-00-00', 'Abdul Wakhid', 'IPS', 'Belum Lunas'),
(214, 7558, '0042381461', 'Muhammad Ilham Hidayatullah', 'Sidoarjo', 12, 'Oktober', 2003, '0000-00-00', 'Dimyati', 'IPS', 'Belum Lunas'),
(215, 7561, '0033866720', 'Muhammad Kevin Erlangga', 'Surabaya', 8, 'Juli', 2003, '0000-00-00', 'Yudi Erlangga, ST', 'IPS', 'Belum Lunas'),
(216, 7567, '0039709471', 'Muhammad Rizky Nugroho Saputro', 'Sidoarjo', 28, 'September', 2003, '0000-00-00', 'Mochamad Machfud', 'IPS', 'Belum Lunas'),
(217, 7571, '0043593360', 'Muhammad Zakahandiko Hemash A.', 'Surabaya', 19, 'Agustus', 2003, '0000-00-00', 'Wahyu Eko Wibowo', 'IPS', 'Belum Lunas'),
(218, 7576, '0046572618', 'Nadhira Naila', 'Surabaya', 24, 'Mei', 2004, '0000-00-00', 'Fazriansyah Noor', 'IPS', 'Belum Lunas'),
(219, 7581, '0044050079', 'Najwa Aziza Al Hayyan', 'Sidoarjo', 24, 'Oktober', 2004, '0000-00-00', 'Drs. Bogiman Atmo Suwito', 'IPS', 'Belum Lunas'),
(220, 7594, '0033326632', 'Odista Ramadhania Adityani Rahmad', 'Boyolali', 31, 'Oktober', 2004, '0000-00-00', 'Basuki Rahmad', 'IPS', 'Belum Lunas'),
(221, 7695, '0047182021', 'Rahmania Izza Maulani', 'Sidoarjo', 11, 'Juli', 2004, '0000-00-00', 'Andi Surahman', 'IPS', 'Belum Lunas'),
(222, 7631, '0037073159', 'Rr. Sang Kusuma Indira W.', 'Surabaya', 254, 'Oktober', 2003, '0000-00-00', 'Rangga Bayu Mahargono', 'IPS', 'Belum Lunas'),
(223, 7640, '0043771749', 'Septia Amiwantoro', 'Surabaya', 26, 'September', 2004, '0000-00-00', 'Sutoro', 'IPS', 'Belum Lunas'),
(224, 7641, '0049938823', 'Shafira Rakhmania Hidayat', 'Surabay', 17, 'Juli', 2004, '0000-00-00', 'Rakhmat Hidayat, S.Sos', 'IPS', 'Belum Lunas'),
(225, 7654, '0044733191', 'Syahrul Yusi Ahmad Said', 'Sidoarjo', 28, 'Februari', 2004, '0000-00-00', 'Moh. Hasan Bisri', 'IPS', 'Belum Lunas'),
(226, 7664, '0045838557', 'Tegar Geraldine Satria Husada', 'Sidoarjo', 19, 'Oktober', 2004, '0000-00-00', 'Subarjo Husodo', 'IPS', 'Belum Lunas'),
(227, 7680, '0032951867', 'Yumna Ademas Setiawan', 'Bandung', 30, 'Maret', 2003, '0000-00-00', 'Setiawan Bhakti', 'IPS', 'Belum Lunas'),
(228, 7403, '0048966210', 'Aditya Ricky Febrian', 'Bojonegoro', 14, 'Juni', 2004, '0000-00-00', 'Sutrisno', 'IPS', 'Belum Lunas'),
(229, 7408, '0041495372', 'Ahmad Rafi Ivander', 'Sidoarjo', 16, 'Juni', 2004, '0000-00-00', 'Abdullah Muhammad', 'IPS', 'Belum Lunas'),
(230, 7412, '0044094703', 'Aji Akhmad Rizki Darmahendra', 'Sidoarjo', 5, 'Mei', 2004, '0000-00-00', 'Sudarmaji', 'IPS', 'Belum Lunas'),
(231, 7414, '0044236991', 'Akmal Ardan Ash Shiddiqy', 'Surabaya', 30, 'Agustus', 2004, '0000-00-00', 'Achmad Maghfuri, ST', 'IPS', 'Belum Lunas'),
(232, 7420, '0036572110', 'Alifian Yusuf Ambarson', 'Surabaya', 11, 'Desember', 2003, '0000-00-00', 'Ambar Siswanto', 'IPS', 'Belum Lunas'),
(233, 7428, '0047086327', 'Annisa Ami Rohmatul Haj', 'Surabaya', 2, 'April', 2004, '0000-00-00', 'Andi  Sutrisno', 'IPS', 'Belum Lunas'),
(234, 7432, '0040854266', 'Ardhani Ahimsha Maulidan', 'Gresik', 1, 'Mei', 2004, '0000-00-00', 'Sri Jaman', 'IPS', 'Belum Lunas'),
(235, 7443, '0045037887', 'Aulia Putri Anandita', 'Gresik', 28, 'September', 2004, '0000-00-00', 'Ir.Dixon Susilo', 'IPS', 'Belum Lunas'),
(236, 7457, '0048089222', 'Bunga Putri Lucita', 'Sidoarjo', 9, 'Juli', 2004, '0000-00-00', 'Muslik', 'IPS', 'Belum Lunas'),
(237, 7461, '0049194974', 'Cika Santani Rahmasyah', 'Sidoarjo', 30, 'April', 2004, '0000-00-00', 'Fery Mansyah', 'IPS', 'Belum Lunas'),
(238, 7465, '0048594856', 'Daniar Wulan Aura Rahma', 'Surabaya', 28, 'Oktober', 2004, '0000-00-00', 'Husnul Qorik', 'IPS', 'Belum Lunas'),
(239, 7490, '0045522872', 'Fausta Rioswanes', 'Sidoarjo', 15, 'Maret', 2004, '0000-00-00', 'Suwadi', 'IPS', 'Belum Lunas'),
(240, 7521, '0044236969', 'Keane Diaz Putra Ardiansyah', 'Surabaya', 23, 'Mei', 2004, '0000-00-00', 'Rachmanto Ardiansyah', 'IPS', 'Belum Lunas'),
(241, 7531, '0033928786', 'M. Rais Khan', 'Sampang', 17, 'Desmber', 2003, '0000-00-00', 'Ferus', 'IPS', 'Belum Lunas'),
(242, 7574, '0040474669', 'Nabilah Andiati Putri', 'Sidoarjo', 14, 'Januari', 2004, '0000-00-00', 'Andi Sentausa', 'IPS', 'Belum Lunas'),
(243, 7578, '0037938678', 'Nadzifa Ahya Nurdiana', 'Kediri', 18, 'Desember', 2003, '0000-00-00', 'Moch. Makki Nuruddin', 'IPS', 'Belum Lunas'),
(244, 7583, '0031387861', 'Natasya Dwi Ayu Wardhani', 'Sidoarjo', 25, 'Desember', 2003, '0000-00-00', 'Yusuf Arief', 'IPS', 'Belum Lunas'),
(245, 7593, '0039339730', 'Nurul Baasithul Fajriah Athuring', 'Sidoarjo', 7, 'Oktober', 2003, '0000-00-00', 'Soenaryo', 'IPS', 'Belum Lunas'),
(246, 7597, '0037792976', 'Pradhika Arya Adhiguna', 'Surabaya', 15, 'Oktober', 2003, '0000-00-00', 'Sudharto Dwi Rahardjo', 'IPS', 'Belum Lunas'),
(247, 7599, '0049508724', 'Puguh Abryansyah', 'Sidoarjo', 23, 'Januari', 2004, '0000-00-00', 'Muhammad Sahari', 'IPS', 'Belum Lunas'),
(248, 7602, '0035549984', 'Putri Salsa Bella Hakim', 'Sidoarjo', 6, 'Juni', 2003, '0000-00-00', 'Lukmanul Hakim', 'IPS', 'Belum Lunas'),
(249, 7612, '0044235751', 'Raihan Avib Firmansyah', 'Sidoarjo', 13, 'Januari', 2003, '0000-00-00', 'Probo Wiandhi', 'IPS', 'Belum Lunas'),
(250, 7613, '0037469383', 'Rajwa Rafi Saputra', 'Sidoarjo', 27, 'Juli', 2003, '0000-00-00', 'Suprijo', 'IPS', 'Belum Lunas'),
(251, 7615, '0044235790', 'Rangga Wahyu Anugrah', 'Sidoarjo', 24, 'Agustus', 2004, '0000-00-00', 'Ismed Wahyu Wandono', 'IPS', 'Belum Lunas'),
(252, 7625, '0008013443', 'Rifqi Prasojo', 'Surabaya', 31, 'Maret', 2000, '0000-00-00', 'Moch Isnaini, S.Sos', 'IPS', 'Belum Lunas'),
(253, 7647, '0044236114', 'Siti Fa`Iqoh', 'Sidoarjo', 4, 'April', 2004, '0000-00-00', 'Pria Waskita Jati', 'IPS', 'Belum Lunas'),
(254, 7656, '0056213454', 'Tabhita Sekar Kinasih', 'Surabaya', 11, 'Oktober', 2003, '0000-00-00', 'Andri Putro Subroto', 'IPS', 'Belum Lunas'),
(255, 7663, '0033024078', 'Taufiq Nur Hidayatulloh  ', 'Sidoarjo', 22, 'Januari', 2003, '0000-00-00', 'Ripai', 'IPS', 'Belum Lunas'),
(256, 7674, '0037919548', 'Wahyu Permana', 'Sidoarjo', 12, 'Nopember', 2003, '0000-00-00', 'Untung Sumaji', 'IPS', 'Belum Lunas'),
(257, 7675, '0039401953', 'Wahyu Satria', 'Kudus', 30, 'Nopember', 2003, '0000-00-00', 'Budi Siswando', 'IPS', 'Belum Lunas'),
(258, 7678, '0031167204', 'Yasmine Imtiyaz Andyta', 'Sidoarjo', 18, 'Oktober', 2003, '0000-00-00', 'Andy Siswanto', 'IPS', 'Belum Lunas'),
(259, 7394, '0044235794', 'Abima Fathan Alrasikh', 'Tulungangung', 3, 'Oktober', 2004, '0000-00-00', 'Heru Sasongko', 'IPS', 'Belum Lunas'),
(260, 7395, '0044017469', 'Achmad Rizki Dwi Prayoga', 'Sidoarjo', 7, 'Februari', 2004, '0000-00-00', 'Firman Ariyudi', 'IPS', 'Belum Lunas'),
(261, 7401, '0050558858', 'Aditya Hafizh', 'Sidoarjo', 11, 'Januari', 2005, '0000-00-00', 'Soelistyo Perdopo', 'IPS', 'Belum Lunas'),
(262, 7688, '0033822031', 'Ahmad Rahmatullah', 'Surabaya', 21, 'Oktober', 2004, '0000-00-00', 'Anang Efendi, S.Pd', 'IPS', 'Belum Lunas'),
(263, 7421, '0048958246', 'Alvien Adiwidya Permana', 'Gresik', 24, 'Maret', 2004, '0000-00-00', 'Nanan Permana', 'IPS', 'Belum Lunas'),
(264, 7427, '0041319966', 'Angelina Maharani Sabrina', 'Sidoarjo', 31, 'Oktober', 2003, '0000-00-00', 'Eddy Hari Supriyono', 'IPS', 'Belum Lunas'),
(265, 7435, '0035550256', 'Arifian Zulfikrullah Ramadhan', 'Sidoarjo', 6, 'Nopember', 2003, '0000-00-00', 'MohammadRifaic', 'IPS', 'Belum Lunas'),
(266, 7453, '0037391369', 'Braecita Farel Arissa', 'Sidoarjo', 16, 'Mei', 2003, '0000-00-00', 'Denie Aries', 'IPS', 'Belum Lunas'),
(267, 7454, '0044146853', 'Brahma Fa`Iq Mahdewa', 'Surabaya', 21, 'Desember', 2003, '0000-00-00', 'Dwi Agus Suwarto', 'IPS', 'Belum Lunas'),
(268, 7455, '0037938680', 'Brillian Fajar Wibisono Makarim', 'Tangerang', 13, 'April', 2003, '0000-00-00', 'Agung Wibisono Makarim', 'IPS', 'Belum Lunas'),
(269, 7473, '0036617606', 'Dinda Auliyaa Husnaa', 'Sidoarjo', 23, 'Agustus', 2003, '0000-00-00', 'Bawa Budhy Soesetyanto', 'IPS', 'Belum Lunas'),
(270, 7498, '0046287823', 'Fionna Farelita', 'Surabaya', 10, 'Februari', 2004, '0000-00-00', 'Firman Maulana', 'IPS', 'Belum Lunas'),
(271, 7502, '0044686407', 'Haikal Pandu Alfarithzi', 'Sidoarjo', 23, 'Maret', 2004, '0000-00-00', 'Tohir Syamsudin', 'IPS', 'Belum Lunas'),
(272, 7507, '0044218138', 'Hasya Dhi`Fan Putra ', 'Sidoarjo', 31, 'Maret', 2004, '0000-00-00', 'Samsul Hadi', 'IPS', 'Belum Lunas'),
(273, 7508, '0045014468', 'Hawa Al Shafwah', 'Surabaya', 15, 'Mei', 2004, '0000-00-00', 'Moch. Syaifuddin', 'IPS', 'Belum Lunas'),
(274, 7513, '0044236819', 'Intania Putri Azahra', 'Sidoarjo', 2, 'Januari', 2004, '0000-00-00', 'Fahmi Rijani', 'IPS', 'Belum Lunas'),
(275, 7522, '0043035326', 'Kevin Raselino Ferry Arianto Pratama', 'Surabaya', 26, 'Mei', 2003, '0000-00-00', 'Johanes Arianto', 'IPS', 'Belum Lunas'),
(276, 7524, '0034456638', 'Khansa Hayyu Layyina', 'Sidoarjo', 17, 'Maret', 2004, '0000-00-00', 'Erwin Mayana', 'IPS', 'Belum Lunas'),
(277, 7536, '0044236940', 'Maulana Yoga Rakhmadi', 'Surabaya', 21, 'Maret', 2003, '0000-00-00', 'Rakhmat Bahagia', 'IPS', 'Belum Lunas'),
(278, 7538, '0039896141', 'Mellia Qibtiyah', 'Surabaya', 6, 'Maret', 2004, '0000-00-00', 'Eko Subiyantoro', 'IPS', 'Belum Lunas'),
(279, 7540, '0044236814', 'Mirachel Rizka Maharani ', 'Surabaya', 12, 'Januari', 2003, '0000-00-00', 'Bambang Soebijanto', 'IPS', 'Belum Lunas'),
(280, 7553, '0037815972', 'Muhammad Fachrizal Rzki', 'Samarinda', 7, 'Januari', 2004, '0000-00-00', 'Mas Andi Supriyanto', 'IPS', 'Belum Lunas'),
(281, 7572, '0042623311', 'Mutia Putri Zakiyyah', 'Sidoarjo', 11, 'Oktober', 2003, '0000-00-00', 'Mulhayadi', 'IPS', 'Belum Lunas'),
(282, 7573, '0032301545', 'Mutiara Aisyah Alisya', 'Sidoarjo', 8, 'Januari', 2004, '0000-00-00', 'M. Aliyani', 'IPS', 'Belum Lunas'),
(283, 7607, '0044094676', 'Rafi Hakim Wibowo', 'Kediri', 4, 'Desember', 2003, '0000-00-00', 'Heru Setiawan', 'IPS', 'Belum Lunas'),
(284, 7618, '0037938674', 'Reananda Aprilia Maharani', 'Surabaya', 4, 'April', 2004, '0000-00-00', 'Herijanto', 'IPS', 'Belum Lunas'),
(285, 7623, '0042477252', 'Rezalya Arnetta Putri Anggraeni', 'Sidoarjo', 7, 'Oktober', 2003, '0000-00-00', 'Tohir', 'IPS', 'Belum Lunas'),
(286, 7628, '0038151291', 'Rizal Akhmal Ramadani', 'Sidoarjo', 4, 'November', 2003, '0000-00-00', 'Mokh. Yusuf', 'IPS', 'Belum Lunas'),
(287, 7630, '0035027749', 'Rizza Fadilla Kurniasih ', 'Sidoarjo', 31, 'Desember', 2003, '0000-00-00', 'Sehono', 'IPS', 'Belum Lunas'),
(288, 7636, '0038466510', 'Salsabila Eka Putri', 'Surabaya', 12, 'September', 2003, '0000-00-00', 'Agus Supriyadi', 'IPS', 'Belum Lunas'),
(289, 7643, '0039087633', 'Sheila Fithri Al Insani', 'Sidoarjo', 24, 'November', 2003, '0000-00-00', 'Arief Budi Pietoyo', 'IPS', 'Belum Lunas'),
(290, 7645, '0033067028', 'Shofiyyah Nadhifa', 'Sidoarjo', 2, 'Juni', 2004, '0000-00-00', 'Agus Hendriawan', 'IPS', 'Belum Lunas'),
(291, 7659, '0041746491', 'Tanu Wirandono', 'Sidoarjo', 19, 'Nopember', 2003, '0000-00-00', 'Herwin Sutryandhono', 'IPS', 'Belum Lunas'),
(292, 7694, '0044056373', 'Yusuf Isma Hidayat', 'Mojokerto', 16, 'Mei', 2004, '0000-00-00', 'Hadi Iswanto', 'IPS', 'Lunas');

-- --------------------------------------------------------

--
-- Table structure for table `tahun_ajaran`
--

CREATE TABLE `tahun_ajaran` (
  `id` int(11) NOT NULL,
  `tahun_ajaran` varchar(155) NOT NULL,
  `is_active` int(2) NOT NULL
) ENGINE=InnoDB DEFAULT CHARSET=utf8mb4;

-- --------------------------------------------------------

--
-- Table structure for table `users`
--

CREATE TABLE `users` (
  `id` int(11) NOT NULL,
  `email` varchar(155) NOT NULL,
  `password` varchar(255) NOT NULL,
  `nama` varchar(155) NOT NULL,
  `image` varchar(200) NOT NULL,
  `role_id` int(2) NOT NULL,
  `is_active` int(2) NOT NULL,
  `created_date` datetime NOT NULL
) ENGINE=InnoDB DEFAULT CHARSET=utf8mb4;

--
-- Dumping data for table `users`
--

INSERT INTO `users` (`id`, `email`, `password`, `nama`, `image`, `role_id`, `is_active`, `created_date`) VALUES
(1, 'robby@ardhacodes.com', '$2y$10$TbtFmMawN9AcEoQYITLPheiTOzTXla5JECCY8yNCdPP.0Aql..4rG', 'Robby Firmansyah Ardha', 'admin.png', 1, 1, '2021-04-11 20:42:17'),
(2, 'bapakjun@ardhacodes.com', '$2y$10$UPqvECzIbnqKE/d.ikUDL.Da4gBFFySjTMPg5H7SPKXJXgHNpj3ga', 'Mochammad Junaidi', 'admin.png', 1, 1, '2021-05-01 09:56:20');

-- --------------------------------------------------------

--
-- Table structure for table `visitor`
--

CREATE TABLE `visitor` (
  `id` int(11) NOT NULL,
  `ip_address` varchar(100) NOT NULL,
  `mac_address` varchar(100) DEFAULT NULL
) ENGINE=InnoDB DEFAULT CHARSET=utf8mb4;

--
-- Dumping data for table `visitor`
--

INSERT INTO `visitor` (`id`, `ip_address`, `mac_address`) VALUES
(1, '36.84.108.184', '');

--
-- Indexes for dumped tables
--

--
-- Indexes for table `jadwal_pengumuman`
--
ALTER TABLE `jadwal_pengumuman`
  ADD PRIMARY KEY (`id`);

--
-- Indexes for table `mapel`
--
ALTER TABLE `mapel`
  ADD PRIMARY KEY (`id`);

--
-- Indexes for table `nilai_siswa`
--
ALTER TABLE `nilai_siswa`
  ADD PRIMARY KEY (`id`);

--
-- Indexes for table `pengumuman`
--
ALTER TABLE `pengumuman`
  ADD PRIMARY KEY (`id`);

--
-- Indexes for table `sekolah`
--
ALTER TABLE `sekolah`
  ADD PRIMARY KEY (`id`);

--
-- Indexes for table `siswa`
--
ALTER TABLE `siswa`
  ADD PRIMARY KEY (`id`);

--
-- Indexes for table `tahun_ajaran`
--
ALTER TABLE `tahun_ajaran`
  ADD PRIMARY KEY (`id`);

--
-- Indexes for table `users`
--
ALTER TABLE `users`
  ADD PRIMARY KEY (`id`);

--
-- Indexes for table `visitor`
--
ALTER TABLE `visitor`
  ADD PRIMARY KEY (`id`);

--
-- AUTO_INCREMENT for dumped tables
--

--
-- AUTO_INCREMENT for table `jadwal_pengumuman`
--
ALTER TABLE `jadwal_pengumuman`
  MODIFY `id` int(11) NOT NULL AUTO_INCREMENT, AUTO_INCREMENT=2;

--
-- AUTO_INCREMENT for table `mapel`
--
ALTER TABLE `mapel`
  MODIFY `id` int(11) NOT NULL AUTO_INCREMENT, AUTO_INCREMENT=20;

--
-- AUTO_INCREMENT for table `nilai_siswa`
--
ALTER TABLE `nilai_siswa`
  MODIFY `id` int(11) NOT NULL AUTO_INCREMENT, AUTO_INCREMENT=4381;

--
-- AUTO_INCREMENT for table `pengumuman`
--
ALTER TABLE `pengumuman`
  MODIFY `id` int(11) NOT NULL AUTO_INCREMENT;

--
-- AUTO_INCREMENT for table `sekolah`
--
ALTER TABLE `sekolah`
  MODIFY `id` int(11) NOT NULL AUTO_INCREMENT, AUTO_INCREMENT=2;

--
-- AUTO_INCREMENT for table `siswa`
--
ALTER TABLE `siswa`
  MODIFY `id` int(11) NOT NULL AUTO_INCREMENT, AUTO_INCREMENT=293;

--
-- AUTO_INCREMENT for table `tahun_ajaran`
--
ALTER TABLE `tahun_ajaran`
  MODIFY `id` int(11) NOT NULL AUTO_INCREMENT;

--
-- AUTO_INCREMENT for table `users`
--
ALTER TABLE `users`
  MODIFY `id` int(11) NOT NULL AUTO_INCREMENT, AUTO_INCREMENT=3;

--
-- AUTO_INCREMENT for table `visitor`
--
ALTER TABLE `visitor`
  MODIFY `id` int(11) NOT NULL AUTO_INCREMENT, AUTO_INCREMENT=2;
COMMIT;

/*!40101 SET CHARACTER_SET_CLIENT=@OLD_CHARACTER_SET_CLIENT */;
/*!40101 SET CHARACTER_SET_RESULTS=@OLD_CHARACTER_SET_RESULTS */;
/*!40101 SET COLLATION_CONNECTION=@OLD_COLLATION_CONNECTION */;
